{"type":"FeatureCollection","crs":{"type":"name","properties":{"name":"EPSG:4326"}},"features":[{"type":"Feature","id":1,"geometry":{"type":"Polygon","coordinates":[[[-101.910940001223,33.6041599969397],[-101.910921114144,33.6068539311379],[-101.907515437409,33.6068655553986],[-101.905816901073,33.6068867389769],[-101.906087726063,33.606765381109],[-101.904661080119,33.6067760649357],[-101.891388003774,33.6068748199415],[-101.887743079627,33.606856939515],[-101.887706533467,33.5968517786954],[-101.887711641287,33.5961515874504],[-101.887776010967,33.5959676314541],[-101.887912673468,33.5923403486676],[-101.880501125911,33.5923549456049],[-101.880505387519,33.589474301017],[-101.878994143632,33.590388851279],[-101.878611906885,33.5906191214456],[-101.877947967449,33.5910066404711],[-101.877523626665,33.5912164451741],[-101.876561121364,33.5916053533519],[-101.875713764811,33.5919224316257],[-101.875348163066,33.592044498814],[-101.8745951395,33.592224141035],[-101.874288668461,33.5922503372843],[-101.874137094824,33.5922542920133],[-101.872768199774,33.5922898815731],[-101.870655109799,33.5922951892135],[-101.870691222073,33.5910097152518],[-101.870684816187,33.5901014207234],[-101.87068930956,33.5800268689197],[-101.870650077437,33.5778547313576],[-101.871260866253,33.5780136113645],[-101.87520829358,33.578024744809],[-101.876122620436,33.5780466285044],[-101.891469482767,33.5780296229876],[-101.896159197895,33.5780389220614],[-101.896930832758,33.5780138920207],[-101.897481164057,33.5780774797157],[-101.89771518507,33.5782194675921],[-101.897773229712,33.5783680599845],[-101.897522642867,33.5789155324634],[-101.89707729498,33.5792869212826],[-101.896455479344,33.5797227122417],[-101.896460002361,33.5821499979988],[-101.899872393105,33.5820528947976],[-101.901070944222,33.5820440242305],[-101.901944239628,33.5820375432453],[-101.901945250233,33.5818351993078],[-101.905107848243,33.5817687450771],[-101.905068791291,33.5868673572555],[-101.905065974174,33.5923745134439],[-101.910889062255,33.5923544704393],[-101.910940001223,33.6041599969397]]]},"properties":{"OBJECTID":1,"GID":26,"SCHOOL_NM":"Texas Tech University","GRID_OP":null,"CREATE_DT":null,"CREATE_NM":null,"EDIT_DT":null,"EDIT_NM":null}},{"type":"Feature","id":2,"geometry":{"type":"Polygon","coordinates":[[[-101.930969928454,33.5706866185797],[-101.935993745003,33.5706955329775],[-101.936010687229,33.575908488909],[-101.935592595126,33.5762157133805],[-101.935603832152,33.5767230231699],[-101.935613322853,33.5777571585554],[-101.933873542167,33.5777594996094],[-101.933868087597,33.576674297514],[-101.933833926463,33.5764001800108],[-101.933695752098,33.5760610699401],[-101.933426560245,33.5757221800743],[-101.932939491003,33.5754209436042],[-101.932031356234,33.5748146526895],[-101.931560158427,33.5745944061998],[-101.931183610711,33.5745361576033],[-101.930973069863,33.5745523532408],[-101.930969928454,33.5706866185797]]]},"properties":{"OBJECTID":2,"GID":27,"SCHOOL_NM":"Lubbock Christian College","GRID_OP":null,"CREATE_DT":null,"CREATE_NM":null,"EDIT_DT":null,"EDIT_NM":null}},{"type":"Feature","id":3,"geometry":{"type":"Polygon","coordinates":[[[-102.111936773132,32.0349138116326],[-102.111000001869,32.0351100052248],[-102.101510121952,32.0308844588213],[-102.100294763357,32.026805831961],[-102.101269998684,32.0265999993684],[-102.102079996101,32.0264200019033],[-102.10274999647,32.0262700003183],[-102.103420000433,32.0261099949044],[-102.104180003012,32.025889998047],[-102.104929993866,32.0256699960917],[-102.105910001044,32.0254399975675],[-102.106899999284,32.0252099954193],[-102.10757000145,32.0250199991365],[-102.108240002719,32.0248199949273],[-102.108683382397,32.0247101084953],[-102.109482532657,32.0271393674232],[-102.111936773132,32.0349138116326]]]},"properties":{"OBJECTID":3,"GID":28,"SCHOOL_NM":"Midland College","GRID_OP":null,"CREATE_DT":null,"CREATE_NM":null,"EDIT_DT":null,"EDIT_NM":null}},{"type":"Feature","id":4,"geometry":{"type":"Polygon","coordinates":[[[-96.496429995789,32.0755600014238],[-96.503399999824,32.0711499997988],[-96.5036500000692,32.0714999964493],[-96.5071600053452,32.0765200081285],[-96.5059400060527,32.07714999656],[-96.5060600030084,32.0772799956623],[-96.5014399998415,32.0795599987542],[-96.5019599986269,32.0804100000335],[-96.5009299993053,32.0809099991085],[-96.5005700048451,32.0803300005366],[-96.5005199983281,32.0802500017308],[-96.5004500024995,32.0801599990898],[-96.5003799967894,32.0800900046704],[-96.5003000045083,32.0800199964968],[-96.5002000004576,32.0799599966247],[-96.500119998295,32.0799099982234],[-96.5000800079935,32.0798900020521],[-96.500050004263,32.0798700020707],[-96.5000199942444,32.079849997518],[-96.4999899923105,32.0798200020979],[-96.4999699958123,32.0797899982954],[-96.4999600002581,32.0797799937274],[-96.499069998882,32.0784699985852],[-96.4985300018017,32.0787500022155],[-96.496429995789,32.0755600014238]]]},"properties":{"OBJECTID":4,"GID":29,"SCHOOL_NM":"Navarro College","GRID_OP":null,"CREATE_DT":null,"CREATE_NM":null,"EDIT_DT":null,"EDIT_NM":null}},{"type":"Feature","id":5,"geometry":{"type":"Polygon","coordinates":[[[-97.0586700047397,27.8310699996044],[-97.05781999636,27.8315600011928],[-97.0575099976369,27.8333200013959],[-97.0585000039621,27.8334700009688],[-97.0549500011981,27.8354200027632],[-97.0541500038269,27.8362000039958],[-97.0532299987203,27.8370700039802],[-97.0532600006541,27.8370900012317],[-97.0542699971893,27.837909998962],[-97.0531699975475,27.8390900008814],[-97.0531399965119,27.8391100001436],[-97.052690004335,27.8388099949363],[-97.0521499991699,27.8387500009444],[-97.0528400041228,27.8382699993597],[-97.0533500019641,27.8386300001516],[-97.0539100018307,27.8382000057528],[-97.0537700020887,27.8380800043516],[-97.0538599980088,27.8379200006882],[-97.0532199977762,27.8374299984271],[-97.052950001931,27.837690005236],[-97.0527599974687,27.8375800018508],[-97.0520199985752,27.8382700009484],[-97.0518300004011,27.8386700051967],[-97.0495500025481,27.8374500003784],[-97.0495699999447,27.8374300000158],[-97.0511699982804,27.8356500014384],[-97.0504099983972,27.8352500027382],[-97.0504300029802,27.8352299972038],[-97.0551100001334,27.8305099956475],[-97.0549599994472,27.8299599944387],[-97.0558799982657,27.8289599973053],[-97.0586700047397,27.8310699996044]]]},"properties":{"OBJECTID":5,"GID":30,"SCHOOL_NM":"The University of Texas Marine Science Institute","GRID_OP":null,"CREATE_DT":null,"CREATE_NM":null,"EDIT_DT":null,"EDIT_NM":null}},{"type":"Feature","id":6,"geometry":{"type":"Polygon","coordinates":[[[-97.4055299986621,27.7639899975181],[-97.4055000030165,27.7639799953442],[-97.4052700001677,27.7638799974015],[-97.407199997318,27.7606900036876],[-97.4108099976615,27.7623800005422],[-97.4088500039673,27.7656000000888],[-97.4055599943078,27.7640100010683],[-97.4055299986621,27.7639899975181]]]},"properties":{"OBJECTID":6,"GID":31,"SCHOOL_NM":"Del Mar College","GRID_OP":null,"CREATE_DT":null,"CREATE_NM":null,"EDIT_DT":null,"EDIT_NM":null}},{"type":"Feature","id":7,"geometry":{"type":"Polygon","coordinates":[[[-97.429570003525,27.7079399962],[-97.4315500018023,27.7088999971842],[-97.4319099989574,27.7090800023433],[-97.4319000051999,27.7091100001256],[-97.4316399977224,27.7095800016839],[-97.4312600004757,27.710259999559],[-97.4314799978888,27.7103499974748],[-97.4312599941875,27.7107600030346],[-97.4313999984212,27.7108700058935],[-97.4311200025302,27.7113600019533],[-97.4318400067221,27.7116799990198],[-97.4312799960756,27.7126500041991],[-97.4280099981857,27.7110899993491],[-97.4297099969788,27.7082500023706],[-97.4294599976319,27.7081100004113],[-97.4295500070267,27.707969999863],[-97.429570003525,27.7079399962]]]},"properties":{"OBJECTID":7,"GID":32,"SCHOOL_NM":"Corpus Christi Minor Seminary","GRID_OP":null,"CREATE_DT":null,"CREATE_NM":null,"EDIT_DT":null,"EDIT_NM":null}},{"type":"Feature","id":8,"geometry":{"type":"Polygon","coordinates":[[[-97.3087090212825,27.7101406395138],[-97.3089080205759,27.7099426339185],[-97.3092590103237,27.709864627856],[-97.3122191370513,27.7108844983417],[-97.3150271340855,27.7104574932091],[-97.3157211563043,27.7104975048558],[-97.3161181415913,27.710661510224],[-97.3162021538333,27.7107875039585],[-97.3156901464607,27.7109154913222],[-97.314836143273,27.7108084954775],[-97.3141099964012,27.7108900056783],[-97.3135161336417,27.7109665031516],[-97.3134321384676,27.7112455038672],[-97.3135921329113,27.7112244909597],[-97.3141191493357,27.7110544979643],[-97.314866134427,27.7109825002617],[-97.3159121534051,27.7119735093007],[-97.3161021416978,27.7120335064468],[-97.3182399973267,27.7110599973395],[-97.3206801531167,27.7089055022351],[-97.3212141341795,27.7087755027935],[-97.3233122698998,27.707331634087],[-97.3243802571781,27.7071766258305],[-97.3249522639269,27.7072994964334],[-97.3256162698388,27.707283505941],[-97.3259212595559,27.7074304997225],[-97.3263942782485,27.7079625049128],[-97.3262572600149,27.708052496771],[-97.3260742695982,27.7080065091068],[-97.3257922623794,27.7077035168476],[-97.3252502539713,27.7075525007683],[-97.3247852716072,27.7075465025584],[-97.3244872743763,27.707663508948],[-97.3243272556781,27.7080865023712],[-97.324869257798,27.7083254940476],[-97.326417281408,27.7089084933498],[-97.3269132592427,27.709284492749],[-97.327028260667,27.7098773811373],[-97.3272952714105,27.7104903798873],[-97.327028263362,27.7108213878231],[-97.327234276701,27.7109723755188],[-97.3288132553574,27.711539371602],[-97.3299124007014,27.7120732463267],[-97.3301944061236,27.7122752514596],[-97.3304913918514,27.7126732555177],[-97.3305913779358,27.7132402538932],[-97.3304764061559,27.7139152561825],[-97.3300494009687,27.7143602563965],[-97.3300573869916,27.7145772510583],[-97.3305303886163,27.7162311140861],[-97.3304383957413,27.7173691266009],[-97.330598404558,27.7176499916669],[-97.3310103755405,27.7180140046307],[-97.3310033983257,27.7182520131229],[-97.3306823952404,27.7183840076318],[-97.3299504057261,27.7182940036215],[-97.3270500007952,27.7172999975085],[-97.3213672753759,27.7151642417181],[-97.3183001530097,27.7138503819366],[-97.3120825311443,27.7114441647935],[-97.3089230080681,27.7104916221243],[-97.3087400104649,27.7103246357636],[-97.3087090212825,27.7101406395138]]]},"properties":{"OBJECTID":8,"GID":33,"SCHOOL_NM":"Texas A&M University - Corpus Christi","GRID_OP":null,"CREATE_DT":null,"CREATE_NM":null,"EDIT_DT":null,"EDIT_NM":null}},{"type":"Feature","id":9,"geometry":{"type":"Polygon","coordinates":[[[-94.3574900015145,32.1586699977143],[-94.3538999976693,32.1580399975157],[-94.3548700039029,32.1541799951658],[-94.3577500027039,32.1537700034838],[-94.3577200034649,32.1574199966292],[-94.3577100025209,32.1575399949221],[-94.357680000587,32.1577300040639],[-94.3574900015145,32.1586699977143]]]},"properties":{"OBJECTID":9,"GID":34,"SCHOOL_NM":"Panola Junior College","GRID_OP":null,"CREATE_DT":null,"CREATE_NM":null,"EDIT_DT":null,"EDIT_NM":null}},{"type":"Feature","id":10,"geometry":{"type":"Polygon","coordinates":[[[-97.7880099992136,32.7424900016914],[-97.7880199965644,32.7415100035673],[-97.7880200001576,32.7414899978033],[-97.7880299984068,32.7413000081799],[-97.7880700003863,32.7411100000173],[-97.7881399998083,32.7409300068633],[-97.7882300029149,32.7407500005006],[-97.7883500043621,32.7405899944556],[-97.7884900050025,32.7404400020811],[-97.7892000055553,32.7397399962962],[-97.7892299967094,32.73970999952],[-97.7894199984768,32.7395499961412],[-97.7896299958441,32.7393900000312],[-97.7898599995912,32.7392599967938],[-97.7901000033839,32.7391499996606],[-97.7903499982393,32.7390500006377],[-97.790609994937,32.7389700010363],[-97.7908800060536,32.7389199991711],[-97.7911500018987,32.7388900021188],[-97.7914300004846,32.7388800023435],[-97.7938600035152,32.73889000363],[-97.7938300006831,32.7423899988608],[-97.7937899915169,32.7424300024244],[-97.7937600021595,32.74247000597],[-97.7936699954596,32.7426499990355],[-97.7936300006665,32.7427099981544],[-97.7935699959005,32.7427499940184],[-97.7935000000719,32.7427699926993],[-97.7934299997517,32.7427699972328],[-97.7929699967492,32.7427099966432],[-97.7926299987872,32.7426799993555],[-97.7922800016778,32.74266999925],[-97.7919400010208,32.7426799993555],[-97.7916000057538,32.7427100019323],[-97.7913700047017,32.7427499985519],[-97.7905599947083,32.7428899960241],[-97.7904500004934,32.7428999991273],[-97.7903300026394,32.7428799951865],[-97.7902299958938,32.7428500024896],[-97.7901299990296,32.7427899981759],[-97.7900500058502,32.7427200020333],[-97.7900000020282,32.742639998171],[-97.7899399999571,32.7424900001802],[-97.7880099992136,32.7424900016914]]]},"properties":{"OBJECTID":10,"GID":35,"SCHOOL_NM":"Weatherford College","GRID_OP":null,"CREATE_DT":null,"CREATE_NM":null,"EDIT_DT":null,"EDIT_NM":null}},{"type":"Feature","id":11,"geometry":{"type":"Polygon","coordinates":[[[-101.844826622087,35.1874018417817],[-101.846103158649,35.1873960631484],[-101.848491294797,35.1873852532633],[-101.848492554235,35.187834187521],[-101.848496383753,35.1892056017874],[-101.846086503883,35.1891980341555],[-101.845768734733,35.1891430241753],[-101.844466549474,35.1892042964664],[-101.844826622087,35.1874018417817]]]},"properties":{"OBJECTID":11,"GID":36,"SCHOOL_NM":"Amarillo College","GRID_OP":null,"CREATE_DT":null,"CREATE_NM":null,"EDIT_DT":null,"EDIT_NM":null}},{"type":"Feature","id":12,"geometry":{"type":"Polygon","coordinates":[[[-101.790876526222,35.2310693299399],[-101.790850006158,35.2363800029448],[-101.786450002201,35.2363900028797],[-101.786478656662,35.2310594827076],[-101.786830500707,35.2310640262295],[-101.790876526222,35.2310693299399]]]},"properties":{"OBJECTID":12,"GID":37,"SCHOOL_NM":"Price Memorial College","GRID_OP":null,"CREATE_DT":null,"CREATE_NM":null,"EDIT_DT":null,"EDIT_NM":null}},{"type":"Feature","id":13,"geometry":{"type":"Polygon","coordinates":[[[-101.684440000906,35.2254900019023],[-101.678080005949,35.2254799962208],[-101.678070003209,35.2219299957715],[-101.684449998256,35.2219500021378],[-101.684440000906,35.2254900019023]]]},"properties":{"OBJECTID":13,"GID":38,"SCHOOL_NM":"Texas State Technical Institute","GRID_OP":null,"CREATE_DT":null,"CREATE_NM":null,"EDIT_DT":null,"EDIT_NM":null}},{"type":"Feature","id":14,"geometry":{"type":"Polygon","coordinates":[[[-101.918160005503,35.013349996577],[-101.917719997202,35.0133799969723],[-101.917449992374,35.0134300027568],[-101.91729000332,35.0134699936777],[-101.916890001491,35.0135999951203],[-101.91626999596,35.0138499943709],[-101.916090002323,35.0139099999337],[-101.915690001391,35.0140000041489],[-101.915120000581,35.0140500036685],[-101.913749997907,35.01405000514],[-101.913750000602,35.0099299971047],[-101.918769993921,35.0099899959785],[-101.918800003041,35.0099900026004],[-101.918799994058,35.0133600003887],[-101.918160005503,35.013349996577]]]},"properties":{"OBJECTID":14,"GID":39,"SCHOOL_NM":"Buffalo Stadium","GRID_OP":null,"CREATE_DT":null,"CREATE_NM":null,"EDIT_DT":null,"EDIT_NM":null}},{"type":"Feature","id":15,"geometry":{"type":"Polygon","coordinates":[[[-101.916960001811,34.9848899988212],[-101.91697000006,34.9864500028281],[-101.916969996467,34.9864800035196],[-101.916960002709,34.9865099961044],[-101.916960000014,34.986539998246],[-101.916940001719,34.9866800039239],[-101.916889995202,34.9868100000976],[-101.916810004718,34.9869300007982],[-101.916710007854,34.9870400016539],[-101.916590003712,34.987140001969],[-101.916310005126,34.9873400014968],[-101.909969999481,34.9873100003845],[-101.910009996071,34.9849200022924],[-101.910010001461,34.9848999987528],[-101.909869999023,34.9848999972809],[-101.909840005174,34.9849000002248],[-101.9098000005,34.9848900002932],[-101.909590000438,34.9848900039732],[-101.909590001336,34.9848600026989],[-101.909590006726,34.9834399994864],[-101.90960000767,34.9798299974605],[-101.910529998449,34.9798400031624],[-101.91151000383,34.9798399980101],[-101.912070002799,34.9798500015027],[-101.913619994617,34.9798599968976],[-101.915889991526,34.9798700040679],[-101.91589000051,34.9788099990199],[-101.918120002625,34.9788199996941],[-101.918110004376,34.9798800009324],[-101.91913999741,34.9798899985318],[-101.919140000105,34.9809500035844],[-101.919139993816,34.9818900039319],[-101.91913999741,34.9819600015764],[-101.919139992918,34.9820300028411],[-101.919129996466,34.9830099995436],[-101.919129997364,34.9839999963344],[-101.919129998262,34.9848900054451],[-101.916960001811,34.9848899988212]]]},"properties":{"OBJECTID":15,"GID":40,"SCHOOL_NM":"West Texas A&M University","GRID_OP":null,"CREATE_DT":null,"CREATE_NM":null,"EDIT_DT":null,"EDIT_NM":null}},{"type":"Feature","id":16,"geometry":{"type":"Polygon","coordinates":[[[-95.3851717110226,30.0058396262732],[-95.3839658619926,30.0061473071749],[-95.3830832923787,30.0065123434276],[-95.3823347208626,30.0069621214759],[-95.3817708052396,30.0074392284218],[-95.3810048836621,30.0081351830544],[-95.3804489325024,30.0085342379891],[-95.380004121808,30.0087828364278],[-95.3792156920427,30.0092207483378],[-95.3764000000397,30.0051099978924],[-95.3853000039199,30.000189998007],[-95.3886500066673,30.0048199983688],[-95.387793958914,30.0052494312995],[-95.3873917777714,30.0053977273713],[-95.3863773992542,30.0056501641453],[-95.3851717110226,30.0058396262732]]]},"properties":{"OBJECTID":16,"GID":41,"SCHOOL_NM":"North Harris County College","GRID_OP":null,"CREATE_DT":null,"CREATE_NM":null,"EDIT_DT":null,"EDIT_NM":null}},{"type":"Feature","id":17,"geometry":{"type":"Polygon","coordinates":[[[-95.1823900001188,29.8149699983449],[-95.1761099992401,29.815040000277],[-95.1793800043165,29.806429997454],[-95.182229993997,29.806410003091],[-95.1822399994327,29.8072300002001],[-95.1823200060868,29.8074700020366],[-95.1823900001188,29.8149699983449]]]},"properties":{"OBJECTID":17,"GID":42,"SCHOOL_NM":"San Jacinto College - North","GRID_OP":null,"CREATE_DT":null,"CREATE_NM":null,"EDIT_DT":null,"EDIT_NM":null}},{"type":"Feature","id":18,"geometry":{"type":"Polygon","coordinates":[[[-95.2388899953594,29.8203899930151],[-95.2376199976349,29.8180400016149],[-95.2406200023745,29.8167999972302],[-95.2406499989185,29.8196300065232],[-95.2388899953594,29.8203899930151]]]},"properties":{"OBJECTID":18,"GID":43,"SCHOOL_NM":"Southern Bible College","GRID_OP":null,"CREATE_DT":null,"CREATE_NM":null,"EDIT_DT":null,"EDIT_NM":null}},{"type":"Feature","id":19,"geometry":{"type":"Polygon","coordinates":[[[-95.3911311364141,29.7353116375854],[-95.3946905598104,29.7352720245079],[-95.3947156776041,29.7369792805993],[-95.3956869226146,29.7369670959444],[-95.3957007935009,29.7378250172971],[-95.3947229350933,29.7378324055607],[-95.3947416631703,29.7387369723344],[-95.3925611052261,29.7387631266409],[-95.3911735746247,29.7387764077625],[-95.3911311364141,29.7353116375854]]]},"properties":{"OBJECTID":19,"GID":44,"SCHOOL_NM":"University of Saint Thomas","GRID_OP":null,"CREATE_DT":null,"CREATE_NM":null,"EDIT_DT":null,"EDIT_NM":null}},{"type":"Feature","id":20,"geometry":{"type":"Polygon","coordinates":[[[-95.4105297222737,29.7179439609864],[-95.4040546252816,29.7204208990532],[-95.4033565211181,29.7206879131258],[-95.4013009942883,29.7215084521888],[-95.3988067527317,29.7224862456587],[-95.3985328087908,29.722586424472],[-95.3982011714492,29.7226983729859],[-95.3978453379854,29.7227187132763],[-95.3971139781901,29.7226935081039],[-95.3936548418137,29.7206375314001],[-95.395344712102,29.7184902384306],[-95.3974219233644,29.7158921600453],[-95.4008754425753,29.7114882370036],[-95.4020822644808,29.7119082496474],[-95.4096666056773,29.7143938048618],[-95.4113138329391,29.7149121552563],[-95.4117376329373,29.7150288402704],[-95.4121521488471,29.7150908737947],[-95.4126705809706,29.7151066772757],[-95.4127148849821,29.7174846179712],[-95.4122258672943,29.7175202982188],[-95.4120284625106,29.7175501014438],[-95.411646949806,29.7176077153179],[-95.4113330703609,29.7176760689471],[-95.4109372025781,29.7177905381956],[-95.4105297222737,29.7179439609864]]]},"properties":{"OBJECTID":20,"GID":45,"SCHOOL_NM":"Rice University","GRID_OP":null,"CREATE_DT":null,"CREATE_NM":null,"EDIT_DT":null,"EDIT_NM":null}},{"type":"Feature","id":21,"geometry":{"type":"Polygon","coordinates":[[[-95.1454899993128,29.6658499996998],[-95.1454300035299,29.6600100003967],[-95.1484599967287,29.6600299958588],[-95.1486000000641,29.6622300055693],[-95.1505300044008,29.6621699962845],[-95.1506199985243,29.665769996696],[-95.1454899993128,29.6658499996998]]]},"properties":{"OBJECTID":21,"GID":46,"SCHOOL_NM":"Texas Chiropractic College","GRID_OP":null,"CREATE_DT":null,"CREATE_NM":null,"EDIT_DT":null,"EDIT_NM":null}},{"type":"Feature","id":22,"geometry":{"type":"Polygon","coordinates":[[[-94.9786399942719,29.7306199953451],[-94.9788599988715,29.7310800068185],[-94.9791400001524,29.7325300008448],[-94.979150002893,29.7325599985255],[-94.9791499992998,29.7325899985375],[-94.9791600029388,29.732650004775],[-94.9791499992998,29.7327099961555],[-94.9791399947624,29.7327700031012],[-94.9791299938184,29.732819996511],[-94.9791000044609,29.7328800018308],[-94.9790700016288,29.7329299998662],[-94.9790399987966,29.7329800025569],[-94.9789899976696,29.7330200011033],[-94.9789500019782,29.7330599980737],[-94.9788999945629,29.7331000012685],[-94.9788399996784,29.7331299987788],[-94.9787800003022,29.7331599970602],[-94.9787400037125,29.7331699996055],[-94.978659998855,29.7332199967163],[-94.9785700056298,29.7332699969223],[-94.9784999990214,29.733330001973],[-94.9784299987012,29.733389996067],[-94.9783700011217,29.7334600012222],[-94.9783199981981,29.7335399971362],[-94.9782799998117,29.733620002347],[-94.9782399960355,29.7337000004735],[-94.9782199977406,29.7337899986797],[-94.9782100057797,29.7338800007053],[-94.9782099958983,29.7339600009647],[-94.9777599965348,29.7339000017512],[-94.9743099978215,29.732740003143],[-94.9749899955421,29.7312100027429],[-94.9755700017884,29.7298900044346],[-94.9784800016249,29.7298599958145],[-94.9784799998283,29.7299800044986],[-94.9784900016706,29.7301000013382],[-94.978519993723,29.7302799971085],[-94.9785700047315,29.7304500022213],[-94.9786399942719,29.7306199953451]]]},"properties":{"OBJECTID":22,"GID":47,"SCHOOL_NM":"Lee College","GRID_OP":null,"CREATE_DT":null,"CREATE_NM":null,"EDIT_DT":null,"EDIT_NM":null}},{"type":"Feature","id":23,"geometry":{"type":"Polygon","coordinates":[[[-95.2047000006614,29.582490000426],[-95.2010700002264,29.5794799976821],[-95.2029799999802,29.577760002355],[-95.2036700058314,29.5771399998241],[-95.2036999996804,29.5771099987482],[-95.2080400033631,29.5806999964868],[-95.2054599951547,29.5831099990016],[-95.2054399995548,29.5830999987145],[-95.2047000006614,29.582490000426]]]},"properties":{"OBJECTID":23,"GID":48,"SCHOOL_NM":"San Jacinto College - South","GRID_OP":null,"CREATE_DT":null,"CREATE_NM":null,"EDIT_DT":null,"EDIT_NM":null}},{"type":"Feature","id":24,"geometry":{"type":"Polygon","coordinates":[[[-95.07799999692,29.5597600079658],[-95.0771900004014,29.5607299944543],[-95.0760800016121,29.5620699943818],[-95.0741299962855,29.5611099974406],[-95.0734900005445,29.5607999986691],[-95.0744700023323,29.5590800000511],[-95.0745599937609,29.5591200013329],[-95.0747499991216,29.5590000029099],[-95.07501999856,29.5585100042888],[-95.075199998485,29.5585799967582],[-95.07799999692,29.5597600079658]]]},"properties":{"OBJECTID":24,"GID":49,"SCHOOL_NM":"Lamar and Planetary Institute - Rice University","GRID_OP":null,"CREATE_DT":null,"CREATE_NM":null,"EDIT_DT":null,"EDIT_NM":null}},{"type":"Feature","id":25,"geometry":{"type":"Polygon","coordinates":[[[-95.5175000031755,29.7000699970124],[-95.5174699949534,29.7000500024899],[-95.5133000010315,29.6964300028919],[-95.512220006871,29.695380000457],[-95.5112699980339,29.6942499981219],[-95.510459995227,29.6930299999099],[-95.5100000039026,29.6921800003059],[-95.510579995776,29.6920799979518],[-95.511120000941,29.6919300020377],[-95.5111500028749,29.6919300012574],[-95.5111799967239,29.691919997724],[-95.5122999946606,29.6915600033032],[-95.5123300001877,29.6915499950508],[-95.5123600048165,29.6915400031852],[-95.5124600034773,29.6915100026105],[-95.5130300024914,29.6913699977291],[-95.5136000006071,29.6912799966062],[-95.5141500013264,29.6912500053183],[-95.514179996972,29.6912500021968],[-95.51421999446,29.6912500029772],[-95.5175999991413,29.6912099987119],[-95.5181100041692,29.6912199999748],[-95.5189400025759,29.6912900009836],[-95.519719998059,29.6914399994138],[-95.5197500008912,29.6914399962923],[-95.5197799956385,29.6914499990931],[-95.5201400035735,29.6915199991613],[-95.5209800002294,29.6916399951515],[-95.521829996931,29.6916799992457],[-95.5244799946798,29.6916900004619],[-95.5245100038001,29.6916899973403],[-95.5245400003441,29.6916900028029],[-95.524609999766,29.6916900020226],[-95.5252100007139,29.6917300006342],[-95.5257999962263,29.6918199997933],[-95.526379997981,29.6919700021146],[-95.526549996962,29.6920199971159],[-95.5265699970535,29.6920300022],[-95.5263700042235,29.6922200073065],[-95.5263399986964,29.692249994403],[-95.5263100057457,29.6922799978783],[-95.5175000031755,29.7000699970124]]]},"properties":{"OBJECTID":25,"GID":50,"SCHOOL_NM":"Houston Baptist University","GRID_OP":null,"CREATE_DT":null,"CREATE_NM":null,"EDIT_DT":null,"EDIT_NM":null}},{"type":"Feature","id":26,"geometry":{"type":"Polygon","coordinates":[[[-95.1121300003266,29.6508600019787],[-95.1164700022127,29.6508100036864],[-95.1164900014059,29.6518699990141],[-95.1166900005241,29.6627899989121],[-95.1167099997173,29.6637000001798],[-95.1123999961718,29.6637700023982],[-95.1121300003266,29.6508600019787]]]},"properties":{"OBJECTID":26,"GID":51,"SCHOOL_NM":"San Jacinto College","GRID_OP":null,"CREATE_DT":null,"CREATE_NM":null,"EDIT_DT":null,"EDIT_NM":null}},{"type":"Feature","id":27,"geometry":{"type":"Polygon","coordinates":[[[-94.3754100008407,32.5364499983766],[-94.3754599938829,32.5334900039479],[-94.3754599947812,32.5334399976827],[-94.3754500028203,32.5333899982058],[-94.3754400036728,32.5333499987558],[-94.3754199990898,32.5333000015008],[-94.3753900007492,32.5332600012533],[-94.3753600042052,32.5332199994733],[-94.3753599970187,32.5332099986468],[-94.3753300004747,32.5331799991902],[-94.3753000030324,32.5331499951793],[-94.3748800020095,32.5327400024735],[-94.3748500054656,32.5327099983158],[-94.3748300071707,32.5326800009641],[-94.3748099962995,32.5326400049847],[-94.3747899989029,32.5326100023082],[-94.3747799997555,32.5325699979667],[-94.3747800015521,32.5325300049676],[-94.3747800024504,32.532499999225],[-94.3747800024504,32.5324699980165],[-94.3748000034402,32.5309399988322],[-94.3792299967548,32.5309199989426],[-94.3792299985515,32.5363999952741],[-94.3754100008407,32.5364499983766]]]},"properties":{"OBJECTID":27,"GID":52,"SCHOOL_NM":"Wiley College","GRID_OP":null,"CREATE_DT":null,"CREATE_NM":null,"EDIT_DT":null,"EDIT_NM":null}},{"type":"Feature","id":28,"geometry":{"type":"Polygon","coordinates":[[[-94.7953999942087,32.1772499969841],[-94.7958699936637,32.1749200025661],[-94.79589000184,32.1749399999718],[-94.7962199979596,32.1752900002441],[-94.797020001619,32.1760200054339],[-94.7974700027791,32.1771099988331],[-94.7961300047344,32.1772800014477],[-94.7953999942087,32.1772499969841]]]},"properties":{"OBJECTID":28,"GID":1,"SCHOOL_NM":"Texas State Baptist Seminary","GRID_OP":null,"CREATE_DT":null,"CREATE_NM":null,"EDIT_DT":null,"EDIT_NM":null}},{"type":"Feature","id":29,"geometry":{"type":"Polygon","coordinates":[[[-100.919219999512,32.6855100004196],[-100.915320002333,32.6854500051529],[-100.909879999009,32.6853699975401],[-100.909899995507,32.675470000654],[-100.909940001978,32.6754700051909],[-100.919280000685,32.6755199995267],[-100.919219999512,32.6855100004196]]]},"properties":{"OBJECTID":29,"GID":2,"SCHOOL_NM":"Western Texas College","GRID_OP":null,"CREATE_DT":null,"CREATE_NM":null,"EDIT_DT":null,"EDIT_NM":null}},{"type":"Feature","id":30,"geometry":{"type":"Polygon","coordinates":[[[-95.3238499986131,32.3406099988347],[-95.3219699998949,32.3407900030981],[-95.3219299979153,32.3391700011719],[-95.3261799966947,32.3391100004874],[-95.3261899985371,32.3404900016124],[-95.326129999161,32.3404799991171],[-95.3258100012905,32.3404500052858],[-95.325530000908,32.340440002786],[-95.3254900025216,32.340440004304],[-95.3254600050794,32.3404399974732],[-95.3249800010871,32.340450001491],[-95.3244799996982,32.3405000010708],[-95.3244499950694,32.3405000041066],[-95.3244200048137,32.340510002046],[-95.3242099966666,32.3405400004111],[-95.3241800055125,32.3405399981342],[-95.3241399963464,32.3405499968281],[-95.3240799942753,32.3405600015926],[-95.3238499986131,32.3406099988347]]]},"properties":{"OBJECTID":30,"GID":3,"SCHOOL_NM":"Butler College","GRID_OP":null,"CREATE_DT":null,"CREATE_NM":null,"EDIT_DT":null,"EDIT_NM":null}},{"type":"Feature","id":31,"geometry":{"type":"Polygon","coordinates":[[[-95.3109200041463,32.3729500031927],[-95.3109500078768,32.3724299941355],[-95.3109700034767,32.3721199984452],[-95.3110199992139,32.3721299989591],[-95.3111099978289,32.3721699987275],[-95.3111999946473,32.3722000002494],[-95.3112900004489,32.3722400007455],[-95.3113799981657,32.3722799997066],[-95.3114700048655,32.3723199948564],[-95.3115599962941,32.3723599998518],[-95.3116500011973,32.3723999949662],[-95.3117400007107,32.3724399999261],[-95.3118199956868,32.372490006101],[-95.3119100023867,32.3725399940395],[-95.311989998261,32.3725800012135],[-95.3120799977744,32.3726300042762],[-95.3121599963437,32.3726799944133],[-95.3122399994046,32.3727300004555],[-95.3123200024655,32.3727800004004],[-95.3124000001365,32.3728399999943],[-95.3124799978075,32.3728899998784],[-95.3125599954785,32.3729499993992],[-95.3126300038835,32.3729999961876],[-95.3127100024528,32.3730600009464],[-95.3127799982814,32.3731199965609],[-95.3128499986016,32.3731799966877],[-95.3129199953286,32.3732399982922],[-95.3129899974454,32.3732999990981],[-95.3130599995622,32.3733699994822],[-95.3131299962892,32.3734300002018],[-95.3131899974619,32.3734999974504],[-95.3132599932906,32.3735600033945],[-95.3133199998532,32.3736299997838],[-95.3133799938395,32.3737000014296],[-95.3134400004022,32.3737700030213],[-95.3134999952867,32.3738400000066],[-95.3135600018494,32.3739100014898],[-95.3136199976323,32.3739799976079],[-95.3136700005559,32.3740500020175],[-95.3137200052762,32.3741199995445],[-95.3137800010591,32.3741999965436],[-95.3138299994912,32.3742699985067],[-95.3138699942843,32.3743499991663],[-95.3139199990045,32.3744200017719],[-95.3139699992333,32.3745000000228],[-95.3140100012129,32.3745799989616],[-95.3140500022942,32.374660003899],[-95.3140899943923,32.3747399981439],[-95.3141300026601,32.3748099996887],[-95.3141700037414,32.3748900029051],[-95.3119200033307,32.3748600000003],[-95.3119000014426,32.3745400032945],[-95.3118699977121,32.3740800013978],[-95.3118499967223,32.3739200040817],[-95.3118099965393,32.3737499970444],[-95.3117299961734,32.3736000010127],[-95.3116500047906,32.3734600043401],[-95.3115699972381,32.3733599968294],[-95.3114499939943,32.3732399944987],[-95.3113299997336,32.3731499947326],[-95.3112099955914,32.3730699990802],[-95.3110699976459,32.3730099950868],[-95.3109599980411,32.3729600043735],[-95.3109200041463,32.3729500031927]]]},"properties":{"OBJECTID":31,"GID":4,"SCHOOL_NM":"Texas College","GRID_OP":null,"CREATE_DT":null,"CREATE_NM":null,"EDIT_DT":null,"EDIT_NM":null}},{"type":"Feature","id":32,"geometry":{"type":"Polygon","coordinates":[[[-97.1870599982453,32.8528200019559],[-97.1871299976673,32.84477000348],[-97.1924899979309,32.843129997715],[-97.1925999993324,32.8501799997637],[-97.1893799998745,32.8528399955154],[-97.1893399978949,32.8528399970247],[-97.1890299982735,32.852840000798],[-97.1870599982453,32.8528200019559]]]},"properties":{"OBJECTID":32,"GID":5,"SCHOOL_NM":"Tarrant County Junior College - Northeast Campus","GRID_OP":null,"CREATE_DT":null,"CREATE_NM":null,"EDIT_DT":null,"EDIT_NM":null}},{"type":"Feature","id":33,"geometry":{"type":"Polygon","coordinates":[[[-97.3854600011794,32.8282600034379],[-97.385450002032,32.8282299949781],[-97.3851999972951,32.8272900005458],[-97.3851999981934,32.8272800039082],[-97.3879100016066,32.8259900024842],[-97.3879399999472,32.8260200003777],[-97.3906900053399,32.8280699982505],[-97.390709992855,32.8280799978186],[-97.3906900053399,32.8281300016807],[-97.390640001518,32.8283600003632],[-97.3906299996756,32.828440000389],[-97.3906399943314,32.8284900025386],[-97.3906599971179,32.8285300066536],[-97.3906700052485,32.8285500019107],[-97.390690002645,32.8285499966267],[-97.3907299992347,32.8285399956019],[-97.3907600002703,32.8285300013696],[-97.3907999959616,32.8285100000693],[-97.3908500015802,32.8284799992425],[-97.3909999968765,32.8283900057596],[-97.3911399966186,32.8282900005646],[-97.3913100090743,32.8281600033805],[-97.3914599989807,32.8280199996387],[-97.3915999978244,32.8278600010231],[-97.3917400038547,32.8276900055279],[-97.3917900013885,32.8276099957682],[-97.3918399944307,32.8275200059329],[-97.3919300011306,32.8273499954445],[-97.3920100041915,32.8272299980579],[-97.392179995986,32.8270199950699],[-97.3923600013009,32.8268200033731],[-97.3924800045448,32.8266900047921],[-97.3926000023987,32.8265800024762],[-97.3926800000697,32.8265099967455],[-97.3926999974663,32.8264999970007],[-97.392720001151,32.826489995745],[-97.3927799996288,32.8264799997723],[-97.3928199962185,32.826489995745],[-97.3928700054304,32.8265099967455],[-97.3929400057506,32.8265399974829],[-97.3930299989758,32.8266000011918],[-97.3930700000571,32.8266400031386],[-97.393149997728,32.8267399943394],[-97.3932300079755,32.8268399982603],[-97.3933899979276,32.8270399997253],[-97.393489998385,32.8271299998602],[-97.3935900024357,32.827219993865],[-97.3936400008678,32.8272899975263],[-97.3937299949912,32.8274300001544],[-97.3938099998488,32.8275700025617],[-97.3939599915518,32.8278499984108],[-97.394110001221,32.8281200013634],[-97.3941699979022,32.8282199969367],[-97.3942499982682,32.8283099958758],[-97.3943899989086,32.8284799984877],[-97.3944800020152,32.8286100004874],[-97.3946500009962,32.8288700031611],[-97.3948200008755,32.8291299997896],[-97.3949699952735,32.8293600064502],[-97.3951200040444,32.8295900004376],[-97.3952099972696,32.8297100006742],[-97.3953199950778,32.8298400016282],[-97.3955200040775,32.8300800050378],[-97.395659999328,32.8302600020743],[-97.3957999999684,32.8304399987459],[-97.3958699966954,32.8305799956532],[-97.3958999995276,32.8306499981758],[-97.3959400015071,32.8307699984897],[-97.3959600042936,32.8308899948673],[-97.3959799989952,32.8311299992133],[-97.3959899981426,32.8313700021558],[-97.3960000026799,32.8315999999953],[-97.3960199964832,32.8317700000831],[-97.3960499966204,32.8319399983358],[-97.3961200032288,32.8322800014131],[-97.3961800017067,32.8325000023552],[-97.3962400064727,32.8327200035072],[-97.3962699967284,32.8328699950939],[-97.3962799967742,32.8330000019891],[-97.3962700003217,32.8331199938436],[-97.3962499975353,32.8333699986827],[-97.3962499993319,32.8335399976463],[-97.39627000122,32.833929999722],[-97.3962899977183,32.8343199955558],[-97.3962899968199,32.8345899954421],[-97.3962799976725,32.8348600020553],[-97.3962399992862,32.8351500046374],[-97.3962000053914,32.8354400017437],[-97.3961699953727,32.83572000297],[-97.3961599989202,32.8357500051247],[-97.3961300032746,32.8357399996272],[-97.3939800015247,32.8357200044796],[-97.3921700004318,32.8355100042087],[-97.3919600030644,32.8354900029709],[-97.3916400042956,32.8354800034825],[-97.3913100036844,32.8355000032129],[-97.3909899977291,32.8355599993582],[-97.3906800043959,32.8356300009738],[-97.3893299991189,32.8360499974321],[-97.3891899993768,32.8360900019152],[-97.3885699965408,32.8362300012365],[-97.3879300034947,32.8363199996052],[-97.3872799996231,32.8363599964189],[-97.3866399975939,32.836330002773],[-97.3860000063444,32.8362499962693],[-97.3842500037293,32.8359500001089],[-97.3842600001818,32.8349699986435],[-97.3842800056632,32.834620000243],[-97.3843499996952,32.8342700027273],[-97.3844600010967,32.8339599964431],[-97.3852399983764,32.8319299961831],[-97.3854699985302,32.8312199989775],[-97.3855999964299,32.8304999975553],[-97.3856500047435,32.8297800008632],[-97.3856100063571,32.8290499988758],[-97.3854699985302,32.82833000326],[-97.3854600002811,32.8282800040397],[-97.3854600011794,32.8282600034379]]]},"properties":{"OBJECTID":33,"GID":6,"SCHOOL_NM":"Tarrant County Junior College - Northwest Campus","GRID_OP":null,"CREATE_DT":null,"CREATE_NM":null,"EDIT_DT":null,"EDIT_NM":null}},{"type":"Feature","id":34,"geometry":{"type":"Polygon","coordinates":[[[-97.3745543359509,32.7018396331084],[-97.3745613122674,32.7034065784606],[-97.3745567560123,32.7040869007182],[-97.3744074290626,32.7045184842363],[-97.3742254142163,32.7047697402326],[-97.374145549496,32.7049779372098],[-97.3740261939375,32.7061217703518],[-97.3709833036261,32.7060927819602],[-97.3702028149679,32.7061063040823],[-97.3661212197615,32.7060705066237],[-97.3660401198577,32.7061206108163],[-97.3660110557649,32.7061670829307],[-97.3660049993233,32.7065147552585],[-97.3659941072505,32.7070493341953],[-97.3678869105547,32.7070734619545],[-97.368440589875,32.7070633920929],[-97.368702997651,32.7070107940171],[-97.3688600348408,32.7069352609036],[-97.3690013137838,32.7068197082007],[-97.369850004335,32.7087299976763],[-97.3697230813685,32.7122512445308],[-97.3686933964573,32.7122322518262],[-97.3680228912342,32.7122220192858],[-97.3667338932432,32.7122020228213],[-97.3654807622864,32.7121740968472],[-97.3654771294994,32.7116957576493],[-97.3629173675209,32.7116943517815],[-97.3616738323681,32.711681578035],[-97.3609959672479,32.7116740052434],[-97.3603843322187,32.7117000054864],[-97.3603912627212,32.7106527427484],[-97.360387273303,32.7096342372787],[-97.3590463014845,32.7096136884559],[-97.3565513969712,32.7096306083929],[-97.3565529312937,32.7077434763361],[-97.3572623883657,32.7077555098876],[-97.3582761057228,32.7077483419123],[-97.3603896017362,32.7077430001339],[-97.3603903329648,32.7070516608009],[-97.3649398372465,32.7070506993187],[-97.3649357903362,32.7065407464227],[-97.3649310256719,32.7061503475299],[-97.3649002529835,32.7060140030294],[-97.3648159775352,32.7058675437264],[-97.3649432472513,32.7057669752236],[-97.365101067772,32.7055649995905],[-97.3651546010747,32.7054473013924],[-97.3651977130219,32.7052539044726],[-97.3652021722589,32.7041406434489],[-97.3652027732319,32.7032046284771],[-97.3652215525129,32.7029422749915],[-97.3652554737963,32.702768033668],[-97.3653793119481,32.7024915235253],[-97.3655082156998,32.7023263992567],[-97.3656663694955,32.702162896139],[-97.3659434790994,32.7019743708427],[-97.366155024264,32.7018952231637],[-97.3664548917873,32.7018361014201],[-97.3668143104274,32.7018215150623],[-97.3699115137791,32.7018510921962],[-97.372273287069,32.7018670513112],[-97.3743572509674,32.7018708475724],[-97.3745543359509,32.7018396331084]]]},"properties":{"OBJECTID":34,"GID":7,"SCHOOL_NM":"Texas Christian University","GRID_OP":null,"CREATE_DT":null,"CREATE_NM":null,"EDIT_DT":null,"EDIT_NM":null}},{"type":"Feature","id":35,"geometry":{"type":"Polygon","coordinates":[[[-97.2780116791042,32.7350377198606],[-97.2780360521945,32.7342119009974],[-97.2780378092992,32.7307152843942],[-97.281044410368,32.7307255639322],[-97.2810488318759,32.7350826610848],[-97.2780116791042,32.7350377198606]]]},"properties":{"OBJECTID":35,"GID":8,"SCHOOL_NM":"Texas Wesleyan University","GRID_OP":null,"CREATE_DT":null,"CREATE_NM":null,"EDIT_DT":null,"EDIT_NM":null}},{"type":"Feature","id":36,"geometry":{"type":"Polygon","coordinates":[[[-97.345079996133,32.680109998078],[-97.3499499986467,32.6800200027456],[-97.3514099963421,32.6800400049087],[-97.3512000007713,32.6807999968338],[-97.3511999989747,32.6808299967903],[-97.3511899998273,32.6808600042977],[-97.3505599987421,32.6828500011726],[-97.3494100033632,32.6854899987256],[-97.3473900013096,32.6894799981067],[-97.3472900017505,32.6864799959265],[-97.3435400034616,32.686449997868],[-97.3435100060193,32.6864499955998],[-97.3435300025175,32.6863700009799],[-97.3435899965038,32.6862199952805],[-97.3436699950731,32.6860700082308],[-97.3437600008747,32.6859300054732],[-97.3438799978303,32.6858000052001],[-97.3439000060066,32.6857700031329],[-97.3445400035443,32.6851599984797],[-97.3446899997389,32.6850000000522],[-97.3448199967403,32.6848300023067],[-97.3448600032114,32.6847499933823],[-97.3449199989943,32.6846500006498],[-97.3450100012026,32.6844599988011],[-97.3450699996805,32.6842699957921],[-97.3451000052076,32.6840700015793],[-97.3451099926769,32.6838699978456],[-97.345079996133,32.680109998078]]]},"properties":{"OBJECTID":36,"GID":9,"SCHOOL_NM":"Southwestern Baptist Theological Seminary","GRID_OP":null,"CREATE_DT":null,"CREATE_NM":null,"EDIT_DT":null,"EDIT_NM":null}},{"type":"Feature","id":37,"geometry":{"type":"MultiPolygon","coordinates":[[[[-99.7115499981312,32.4745999961994],[-99.7080200026452,32.4745899987033],[-99.7080200008486,32.4735800010952],[-99.7080199945604,32.4735600058755],[-99.7080199954587,32.4735300062167],[-99.7079999989605,32.4732699973882],[-99.7079400013809,32.4729899970095],[-99.7078600019133,32.4727100003071],[-99.7077300040136,32.4724500012361],[-99.7075800024291,32.4721899938357],[-99.707469999231,32.4720499992755],[-99.7074500036311,32.4720200013872],[-99.7074299954548,32.471989997426],[-99.7065500013109,32.4709100020131],[-99.7065300003211,32.470880003745],[-99.7065100047212,32.4708500009197],[-99.7063600022384,32.4706500022914],[-99.7062199998014,32.4703999997813],[-99.7061099992982,32.4701399970711],[-99.7060299998306,32.4698699993793],[-99.705989995156,32.4696000008779],[-99.7059799996019,32.4694099990612],[-99.7059800005002,32.4693799927145],[-99.7059800022968,32.469349998484],[-99.7059799996019,32.4658500035007],[-99.7115300034296,32.4658500019849],[-99.7115499981312,32.4745999961994]]],[[[-99.7080200026452,32.4745899987033],[-99.7079999971638,32.4816100008914],[-99.7079999953672,32.4816400008885],[-99.7080000025537,32.4816600011336],[-99.7079999962655,32.481669995571],[-99.7079899953215,32.4816799991008],[-99.7079899962198,32.4816900049029],[-99.707979996174,32.481700003126],[-99.707979996174,32.4817099983168],[-99.7079700015182,32.4817200018421],[-99.7079600014724,32.4817300000619],[-99.7079500032233,32.4817399990384],[-99.7079300040301,32.481750000287],[-99.7079199985945,32.4817499995292],[-99.7079099976505,32.4817600038079],[-99.7078999994013,32.4817600022923],[-99.7078700001624,32.4817600030501],[-99.7078299963862,32.4817600030501],[-99.7069499986491,32.4817699989921],[-99.7068900019678,32.4817700005076],[-99.7053300011202,32.4807299982965],[-99.705320005566,32.4806800020845],[-99.7051200028545,32.4749499965298],[-99.7051199920747,32.4749199965764],[-99.7051799986374,32.474890006465],[-99.7051599967493,32.474849996899],[-99.7052000050171,32.4748399994307],[-99.7057499976515,32.4747199978951],[-99.7064800009907,32.4746200017981],[-99.707210001635,32.4745899971877],[-99.7080200026452,32.4745899987033]]]]},"properties":{"OBJECTID":37,"GID":10,"SCHOOL_NM":"Abilene Christian University","GRID_OP":null,"CREATE_DT":null,"CREATE_NM":null,"EDIT_DT":null,"EDIT_NM":null}},{"type":"Feature","id":38,"geometry":{"type":"Polygon","coordinates":[[[-99.7251800047831,32.4233800002717],[-99.7161600093371,32.4234000028374],[-99.7161500003082,32.4232699993508],[-99.7088300000622,32.4233099992186],[-99.7085100012933,32.42291000505],[-99.7084300018257,32.4228000073474],[-99.7083599952173,32.4226799979129],[-99.7083100084633,32.4225699984132],[-99.7082799993429,32.4224400058629],[-99.7082599983532,32.4223199989826],[-99.7082499992057,32.4222500008984],[-99.7082500010024,32.4222200000779],[-99.7082500010024,32.4221900037972],[-99.708170005128,32.4160999986958],[-99.7093099995629,32.4160999994541],[-99.7093399961068,32.4160999964208],[-99.7093700043289,32.4161000009708],[-99.7097999964144,32.4160799945114],[-99.7102299992796,32.4160099999273],[-99.7106499976076,32.4159200018273],[-99.7110500039289,32.4157800040147],[-99.7114400048145,32.4156099968996],[-99.7117999983764,32.4154100000291],[-99.7121399954401,32.4151699977393],[-99.7167000001292,32.4152100049904],[-99.7167100028698,32.4143800033248],[-99.7251699966525,32.4143700006633],[-99.7251700047374,32.4231100019769],[-99.725170003839,32.4231400032597],[-99.7251700011441,32.4231600036038],[-99.725180007478,32.423199999729],[-99.7251800020881,32.4232900019409],[-99.7251800047831,32.4233800002717]]]},"properties":{"OBJECTID":38,"GID":11,"SCHOOL_NM":"Abilene State School","GRID_OP":null,"CREATE_DT":null,"CREATE_NM":null,"EDIT_DT":null,"EDIT_NM":null}},{"type":"Feature","id":39,"geometry":{"type":"Polygon","coordinates":[[[-99.7525700043085,32.4313500060555],[-99.7480800017363,32.431340003001],[-99.7480999991328,32.4284999967132],[-99.7525799962694,32.4285000012626],[-99.7525700043085,32.4313500060555]]]},"properties":{"OBJECTID":39,"GID":12,"SCHOOL_NM":"McMurry University","GRID_OP":null,"CREATE_DT":null,"CREATE_NM":null,"EDIT_DT":null,"EDIT_NM":null}},{"type":"Feature","id":40,"geometry":{"type":"Polygon","coordinates":[[[-99.7370900035672,32.4805199974993],[-99.7359299964644,32.4805300019148],[-99.7359099990679,32.4788199976181],[-99.7348699997005,32.4788200006494],[-99.7348699979039,32.4774700001151],[-99.7320499975808,32.4774699970838],[-99.7320400074166,32.4762000003504],[-99.7311799980928,32.4762000026239],[-99.7311799998894,32.4746299992908],[-99.7370400015419,32.4746400051187],[-99.7370900035672,32.4805199974993]]]},"properties":{"OBJECTID":40,"GID":13,"SCHOOL_NM":"Hardin-Simmons University","GRID_OP":null,"CREATE_DT":null,"CREATE_NM":null,"EDIT_DT":null,"EDIT_NM":null}},{"type":"Feature","id":41,"geometry":{"type":"Polygon","coordinates":[[[-97.8160000014836,30.3349499996878],[-97.8159699950582,30.3349700030659],[-97.8159499994583,30.3349999949449],[-97.8159300002651,30.3350199959868],[-97.8159100019702,30.3350400032272],[-97.8158900027771,30.3350599980583],[-97.8158699990923,30.3350799983127],[-97.8158500025941,30.3351100017877],[-97.815819997067,30.3351299989305],[-97.8157899987264,30.3351599977384],[-97.8157600003858,30.335190003515],[-97.8157399975993,30.3352100037427],[-97.8157199975078,30.3352299985392],[-97.8156700035673,30.3352599973164],[-97.8156100041912,30.3353000016158],[-97.8155899978115,30.3353100024943],[-97.8155699968217,30.3353200010458],[-97.8155500030184,30.3353300011469],[-97.8155200010846,30.3353400066743],[-97.8154800000033,30.3353599960169],[-97.8154300033678,30.3353799977606],[-97.8154200024238,30.3353799977606],[-97.8154100014797,30.3353799946593],[-97.8154000059256,30.3353799962099],[-97.8153899995916,30.3353800024125],[-97.8153799968509,30.3353799993112],[-97.8153699959068,30.3353800008618],[-97.8153500003069,30.3353799993112],[-97.8153399975662,30.3353800016372],[-97.8153200019663,30.3353799985359],[-97.8153000054681,30.3353799969852],[-97.8151800022243,30.3353199987198],[-97.815060003472,30.3352400009755],[-97.8150099969551,30.3352099998661],[-97.8150100005483,30.3352000028541],[-97.8150000005026,30.3351999997527],[-97.8149899968636,30.3351899996384],[-97.8149500047654,30.3351599969631],[-97.8149300001824,30.3351499983953],[-97.8149100009892,30.3351400006018],[-97.8148899973045,30.3351299973799],[-97.814880000852,30.3351199972583],[-97.8148699963146,30.3351099986864],[-97.8148599998622,30.3351000024395],[-97.8148300042165,30.3350799998633],[-97.8148100005318,30.3350700020626],[-97.8147799994962,30.3350499979296],[-97.8147499948674,30.3350199990881],[-97.8147199992218,30.3349999964955],[-97.8146900026778,30.3349700007399],[-97.8146600007439,30.3349499981372],[-97.8146299979118,30.3349199984897],[-97.8146099960236,30.3348899965069],[-97.8145899977288,30.3348799986869],[-97.8145800012763,30.3348700039671],[-97.8145600011848,30.3348499997933],[-97.81454000289,30.3348400011938],[-97.8145099991595,30.3348100015125],[-97.8144999964188,30.3347999967064],[-97.8144599980325,30.3347699993389],[-97.8124200021757,30.3335599960285],[-97.8177200057581,30.3251900013934],[-97.8203100050291,30.3249400044636],[-97.8235699983817,30.328680003063],[-97.8235399946512,30.3286500007192],[-97.8234600041667,30.3285900053086],[-97.8233999994007,30.3285600037126],[-97.823349996477,30.3285400013512],[-97.8233300017754,30.3285400021266],[-97.8233100016839,30.3285400005758],[-97.8232899926093,30.3285399998004],[-97.8232799961568,30.3285499990432],[-97.8232399995671,30.3285699998518],[-97.8232199994756,30.3286399991606],[-97.8232400040587,30.3287200061737],[-97.8232799943602,30.3288099983811],[-97.8233600037093,30.3290200002948],[-97.8233800038008,30.3292100026351],[-97.8233200053229,30.329380002417],[-97.8232200012722,30.3295199990512],[-97.822240001281,30.3304800028128],[-97.8217900001209,30.3309000044553],[-97.821279997788,30.3313999959393],[-97.8209499962785,30.3317400046625],[-97.8208899933091,30.3318000004694],[-97.8207999991856,30.3318999957254],[-97.8207599936128,30.3319399998469],[-97.8206800031283,30.3320300030516],[-97.820619992074,30.3320800013503],[-97.8205900018183,30.3320800029009],[-97.8205199979048,30.3320899986808],[-97.8204600012236,30.33210000609],[-97.8203899946152,30.3321199968694],[-97.8203299988323,30.3321400023763],[-97.8201399952683,30.3322200003274],[-97.8199299987993,30.3323400068233],[-97.8197600016149,30.3324400030785],[-97.8196400028626,30.3325200023352],[-97.8196099991321,30.3325400000069],[-97.8194699993901,30.3326199976312],[-97.8194400001511,30.3326400014853],[-97.8192400001346,30.3327700016263],[-97.8191599997687,30.3328299944762],[-97.8191200013823,30.332849999838],[-97.8189000048675,30.332989994613],[-97.8186599992781,30.333149996039],[-97.8185500023682,30.3332099956341],[-97.8185200040276,30.333229997817],[-97.8184899993988,30.3332500015465],[-97.8184500028091,30.3332600003083],[-97.8184199990786,30.333280002481],[-97.8183899980431,30.3332899996891],[-97.8182999976314,30.33332999704],[-97.8182299964129,30.3333599971747],[-97.8181299995487,30.3333900066043],[-97.8180499982845,30.3334200036192],[-97.8179700024101,30.3334499967482],[-97.8178900029425,30.3334899971352],[-97.8178400081036,30.3335100039129],[-97.8177599978562,30.3335599999052],[-97.8176900020276,30.3336099989733],[-97.8176299963633,30.3336699975112],[-97.817549995099,30.3337300006644],[-97.8174800064569,30.3337899952521],[-97.8173899979604,30.3338800037343],[-97.8169700005308,30.3342799965832],[-97.8168099971039,30.3344099960976],[-97.8166899974533,30.3345100049701],[-97.8166599955195,30.3345399985406],[-97.816620002523,30.3345699998553],[-97.8165900032841,30.334590003311],[-97.8164799991877,30.3346599959906],[-97.8163799996286,30.3347200008631],[-97.8163400003439,30.3347500021225],[-97.8162999938727,30.3347699962376],[-97.8162500044238,30.3347899973264],[-97.8161600022155,30.334829997166],[-97.8160900000986,30.3348700055178],[-97.8160599972665,30.334899998978],[-97.8160300043157,30.3349200008156],[-97.8160000014836,30.3349499996878]]]},"properties":{"OBJECTID":41,"GID":14,"SCHOOL_NM":"Saint Stephens School","GRID_OP":null,"CREATE_DT":null,"CREATE_NM":null,"EDIT_DT":null,"EDIT_NM":null}},{"type":"Feature","id":42,"geometry":{"type":"Polygon","coordinates":[[[-97.7634999957941,30.280840001453],[-97.7615100010643,30.2798800009464],[-97.7640799966505,30.2756300002949],[-97.7643299942008,30.2757600023573],[-97.7643599979313,30.275780006956],[-97.7644000026059,30.2757999937074],[-97.765200002672,30.2762300030657],[-97.764789996305,30.2769900052919],[-97.7647800007508,30.2770299938134],[-97.764760002456,30.2770699993859],[-97.7647499970204,30.2770999973483],[-97.7647500015119,30.2771400028922],[-97.7647500006136,30.2771800037652],[-97.7647600015577,30.2772200007429],[-97.7647700007051,30.2772599938254],[-97.7647899954067,30.2772999993041],[-97.7648099972948,30.2773400047666],[-97.7648300027762,30.2773699979917],[-97.7648400019236,30.2773800024549],[-97.7649299978437,30.2774999938703],[-97.7650100053962,30.277619999879],[-97.7650700002808,30.2777499962022],[-97.7651100058536,30.2778799985595],[-97.7651400059909,30.2780199950574],[-97.7651499952568,30.2781499962812],[-97.7651499907652,30.2782899993758],[-97.7651300032502,30.2784300061496],[-97.765089996779,30.2785600052787],[-97.7650399956519,30.278689996478],[-97.7649700025183,30.2788199991416],[-97.7649199933064,30.2788800009692],[-97.7647800070391,30.2788099987041],[-97.7634999957941,30.280840001453]]]},"properties":{"OBJECTID":42,"GID":15,"SCHOOL_NM":"The University of Texas at Austin","GRID_OP":null,"CREATE_DT":null,"CREATE_NM":null,"EDIT_DT":null,"EDIT_NM":null}},{"type":"Feature","id":43,"geometry":{"type":"Polygon","coordinates":[[[-97.7767200014689,30.2833599970776],[-97.776719996079,30.2833500009815],[-97.7766099982707,30.2831800020299],[-97.7765999973267,30.2831499958416],[-97.77658000532,30.2831200051588],[-97.7763599998221,30.2828299985609],[-97.7717899977823,30.2806400020573],[-97.7717599994417,30.2806299948235],[-97.7717799923467,30.2806000033705],[-97.7731200002728,30.2785499986086],[-97.7731399985677,30.2785699956567],[-97.7732499990708,30.2784600029205],[-97.773309998447,30.2784000000603],[-97.7735499986465,30.2780399991954],[-97.773609996226,30.2779299973317],[-97.7736300008091,30.2778999980714],[-97.7736600036412,30.2778599967162],[-97.7736900037784,30.2778200007751],[-97.773760002302,30.2777199937838],[-97.7737600032003,30.2777100033194],[-97.7737700014494,30.2777000035446],[-97.773949994188,30.2774300038091],[-97.7743000011789,30.2768999965365],[-97.7743199985754,30.2768700008403],[-97.7745000011954,30.2770099980031],[-97.7747100003594,30.277180000662],[-97.7749099994776,30.2773599950791],[-97.7750100071216,30.2774600001099],[-97.7751600006212,30.2776300012135],[-97.775230005433,30.2777100025436],[-97.7753200022514,30.2777799955083],[-97.7753700015818,30.2778099979083],[-97.7754199973189,30.2778300028649],[-97.7755199986747,30.2778399933172],[-97.7756799994065,30.2778499985082],[-97.7757599943826,30.277869998802],[-97.7758199955554,30.2778999972956],[-97.7760299992109,30.2780500028144],[-97.7763499943865,30.2782800012117],[-97.7764999968692,30.2783999992845],[-97.7766700039351,30.2785100029487],[-97.7769899955174,30.2787199970482],[-97.7771499980459,30.2788199968142],[-97.7773099996761,30.2789299992319],[-97.7774799995554,30.279060000026],[-97.777719994365,30.2792600049693],[-97.7779700017968,30.2794600001957],[-97.7783300007486,30.2797199978801],[-97.7787000033394,30.2799800010818],[-97.7791199962775,30.2803200043485],[-97.7795500018377,30.2806499961022],[-97.7797799983982,30.2808100061853],[-97.7801400018415,30.2810400043198],[-97.78031999997,30.2811599943631],[-97.7804799989052,30.2812900007362],[-97.7807800056674,30.281530003337],[-97.7810699971125,30.2817799977293],[-97.7812899936272,30.2819699977889],[-97.7815100090066,30.2821600013593],[-97.7815799994453,30.282219997266],[-97.7817000026892,30.2823500037861],[-97.7817800003602,30.2824500006286],[-97.7818799954277,30.2826000007436],[-97.7819800030717,30.2827600029924],[-97.7820299970122,30.2828999964068],[-97.7820899990833,30.2830399966032],[-97.7821799959017,30.2832100043304],[-97.7822799981558,30.2833700009301],[-97.782330005571,30.2834699998359],[-97.7823899950657,30.2835699994156],[-97.7824500061199,30.2836199914099],[-97.7824899973197,30.2836499951274],[-97.7825500011875,30.2836600020531],[-97.7826099942754,30.2836699996692],[-97.7827299930277,30.2836700012206],[-97.7828300078581,30.2836700004448],[-97.7829300020274,30.2836699988934],[-97.7830000023476,30.2836800019385],[-97.7830100023933,30.2836900049825],[-97.782999997856,30.2837100064133],[-97.7829799959679,30.2837399930371],[-97.7829500003222,30.2837599936819],[-97.7829199965917,30.2837799982013],[-97.782829998875,30.2838100041969],[-97.7827800022395,30.2838400039775],[-97.7827599967582,30.2838499976966],[-97.7827499985091,30.283869995216],[-97.7827599967582,30.2838900035916],[-97.782880000002,30.284040001505],[-97.7830099996984,30.2841800016262],[-97.7831499985421,30.2843499972937],[-97.7832900027758,30.2845199988723],[-97.7834499990161,30.2846999976675],[-97.7836199988954,30.2848700025183],[-97.7838199971153,30.2851100017924],[-97.7840100033743,30.2853700038987],[-97.7841599995689,30.2855900024577],[-97.7842999957177,30.2858199994716],[-97.7843800041685,30.2859799987964],[-97.7844000078533,30.2860299965441],[-97.7844099980175,30.2860799996963],[-97.7844099971192,30.2861799997186],[-97.7844000051583,30.2863800064388],[-97.7844099944243,30.286429997777],[-97.7844299918208,30.2864900027082],[-97.7844699964954,30.286570001469],[-97.7845300021597,30.2866400020766],[-97.7846500000137,30.2867800015903],[-97.7847300003796,30.2868800008991],[-97.7847600050084,30.2869400016765],[-97.7848800001674,30.2872599948605],[-97.7849900024672,30.2875899989555],[-97.7850800046756,30.2878999982652],[-97.785159997855,30.2882199991774],[-97.7852000007329,30.2884299949909],[-97.7852100061685,30.288559998712],[-97.7852200035193,30.2887499965013],[-97.7852100025753,30.2889399970254],[-97.7851900015855,30.289310000705],[-97.7851799988448,30.2895699955584],[-97.7851900015855,30.2900300006363],[-97.785220002621,30.2904899973516],[-97.7852400000176,30.2905999928908],[-97.7852799975056,30.290710006923],[-97.785350004114,30.2909200012843],[-97.7853899971104,30.2910700047381],[-97.7854099998969,30.2912500008232],[-97.7854099972019,30.2914300058859],[-97.7854000025461,30.29155999865],[-97.7853999944612,30.2915799953734],[-97.7852099962871,30.2915799961491],[-97.7837099984088,30.2915500033893],[-97.7834300052128,30.2915500033893],[-97.7828500025597,30.2915800008031],[-97.7828100023768,30.2915800031301],[-97.7827399930734,30.2914700009332],[-97.7800499996332,30.2879100001033],[-97.7767200014689,30.2833599970776]]]},"properties":{"OBJECTID":43,"GID":16,"SCHOOL_NM":"The University of Texas at Austin","GRID_OP":null,"CREATE_DT":null,"CREATE_NM":null,"EDIT_DT":null,"EDIT_NM":null}},{"type":"Feature","id":44,"geometry":{"type":"Polygon","coordinates":[[[-97.7309807399638,30.3138461434014],[-97.7284351147729,30.3176711374178],[-97.7263113375412,30.3167533502776],[-97.7254400031566,30.3163400051153],[-97.7253299945686,30.3163200049114],[-97.7247699982952,30.3162200030554],[-97.7247499928138,30.3162199984026],[-97.7247100025123,30.3162100002276],[-97.7245099935126,30.3161800010437],[-97.7233900027625,30.3159700033973],[-97.7236799960042,30.3154700013922],[-97.723720004272,30.3153999965497],[-97.7237599954718,30.3153299970855],[-97.7237900001006,30.3152799948897],[-97.723850005765,30.3151799974007],[-97.7238899960665,30.3151100024323],[-97.7239299989444,30.3150299959352],[-97.7242400030573,30.3145000002922],[-97.7261999967516,30.3114600034171],[-97.7309807399638,30.3138461434014]]]},"properties":{"OBJECTID":44,"GID":17,"SCHOOL_NM":"The University of Texas at Austin","GRID_OP":null,"CREATE_DT":null,"CREATE_NM":null,"EDIT_DT":null,"EDIT_NM":null}},{"type":"Feature","id":45,"geometry":{"type":"Polygon","coordinates":[[[-97.7205100012666,30.2660499998426],[-97.72095594294,30.2650063415196],[-97.7221115833322,30.2625765980302],[-97.7241349855091,30.2632366376644],[-97.7233218314122,30.2650408067939],[-97.7225411819556,30.2667548804901],[-97.721412981502,30.2663825921781],[-97.7205100012666,30.2660499998426]]]},"properties":{"OBJECTID":45,"GID":18,"SCHOOL_NM":"Huston Tillotson College","GRID_OP":null,"CREATE_DT":null,"CREATE_NM":null,"EDIT_DT":null,"EDIT_NM":null}},{"type":"Feature","id":46,"geometry":{"type":"Polygon","coordinates":[[[-97.7219044417091,30.2827984648385],[-97.7212367095854,30.2798062369533],[-97.723178748652,30.2794744945664],[-97.725137610469,30.2791045748124],[-97.7290781414297,30.2785098997711],[-97.7288202494847,30.2790612226348],[-97.7269206315607,30.2829851590665],[-97.7266364531139,30.2834226949026],[-97.7240599986407,30.2838199994704],[-97.7242399994641,30.2856299991103],[-97.7241299971643,30.2858799985702],[-97.7246299985531,30.286119999252],[-97.724518086435,30.2862770449598],[-97.723713234568,30.2858480973643],[-97.7228308059897,30.2852514052121],[-97.7223474449932,30.2848730138675],[-97.7218687363715,30.2843819408759],[-97.7221629894243,30.2838131280593],[-97.7219044417091,30.2827984648385]]]},"properties":{"OBJECTID":46,"GID":19,"SCHOOL_NM":"The University of Texas at Austin","GRID_OP":null,"CREATE_DT":null,"CREATE_NM":null,"EDIT_DT":null,"EDIT_NM":null}},{"type":"Feature","id":47,"geometry":{"type":"Polygon","coordinates":[[[-97.724659997792,30.3810500041022],[-97.7246900042175,30.3810600010795],[-97.7334600003165,30.3851500057092],[-97.7296699964547,30.3941299981167],[-97.729650004448,30.3941900044795],[-97.7296100006718,30.3941800026467],[-97.7265299964645,30.3927100002664],[-97.7247800037308,30.3918099996725],[-97.7244199984908,30.3916600025126],[-97.7240499950017,30.391540003689],[-97.7238999952139,30.3914999999157],[-97.7218200054623,30.3910199959769],[-97.7219599998145,30.3906199964463],[-97.7219700016569,30.3905899968223],[-97.7231300069631,30.3871800050997],[-97.7237699982125,30.3849499929701],[-97.7246500004412,30.3810799996807],[-97.724659997792,30.3810500041022]]]},"properties":{"OBJECTID":47,"GID":20,"SCHOOL_NM":"J.J. Pickle Research Center - The University of Texas at Austin","GRID_OP":null,"CREATE_DT":null,"CREATE_NM":null,"EDIT_DT":null,"EDIT_NM":null}},{"type":"Feature","id":48,"geometry":{"type":"Polygon","coordinates":[[[-97.7928400015444,30.2877099941753],[-97.7912299968748,30.2902100040596],[-97.7874999995756,30.2885400029242],[-97.7888899987474,30.2862999974388],[-97.7894200011717,30.285439998381],[-97.7902099993955,30.2842000076114],[-97.7921199964543,30.2850899967685],[-97.792849995302,30.2839500077491],[-97.7947200038559,30.284800002975],[-97.7933499984874,30.2869200047828],[-97.7928400015444,30.2877099941753]]]},"properties":{"OBJECTID":48,"GID":21,"SCHOOL_NM":"The University of Texas at Austin","GRID_OP":null,"CREATE_DT":null,"CREATE_NM":null,"EDIT_DT":null,"EDIT_NM":null}},{"type":"Feature","id":49,"geometry":{"type":"Polygon","coordinates":[[[-99.7389900014786,29.2228600007032],[-99.7385699941675,29.2217600004992],[-99.7394600000352,29.221530000289],[-99.7385599959184,29.2193500019654],[-99.7397000047263,29.2188900035338],[-99.7403100048217,29.2181499975981],[-99.7451800010473,29.2198800000003],[-99.7457500036546,29.220279998092],[-99.7399500067682,29.2226599951304],[-99.7396999993364,29.2227400071278],[-99.7394500053794,29.2228100005226],[-99.7391899979019,29.2228499986306],[-99.7389900014786,29.2228600007032]]]},"properties":{"OBJECTID":49,"GID":22,"SCHOOL_NM":"Southwest Texas Junior College/Sul Ross State University/Rio Grande College - Uvalde Campus","GRID_OP":null,"CREATE_DT":null,"CREATE_NM":null,"EDIT_DT":null,"EDIT_NM":null}},{"type":"Feature","id":50,"geometry":{"type":"Polygon","coordinates":[[[-96.9833899999509,28.8176199971582],[-96.9749100024835,28.8181099984593],[-96.9746000001672,28.8148699959428],[-96.9750399931967,28.8147399965809],[-96.9756600014227,28.8146999983187],[-96.9767499992221,28.8146299977811],[-96.9831100004668,28.8142400038197],[-96.9833899999509,28.8176199971582]]]},"properties":{"OBJECTID":50,"GID":23,"SCHOOL_NM":"University of Houston - Victoria and The Victoria College","GRID_OP":null,"CREATE_DT":null,"CREATE_NM":null,"EDIT_DT":null,"EDIT_NM":null}},{"type":"Feature","id":51,"geometry":{"type":"Polygon","coordinates":[[[-95.986639997689,30.1015699966757],[-95.9676100013702,30.1020499967931],[-95.9675400028466,30.0941400019925],[-95.9675400001517,30.094129996777],[-95.967540003745,30.0941200008871],[-95.96754000105,30.0941099948922],[-95.9675299956144,30.0941099980011],[-95.9675300054958,30.0941000028864],[-95.9675300028009,30.0940900023302],[-95.9675299992076,30.0940800017729],[-95.9675300028009,30.0940700012146],[-95.9675200045518,30.0940700035463],[-95.9675200000602,30.0940599975464],[-95.9675199982636,30.0940499977633],[-95.9675100036077,30.0940399995336],[-95.9675100000145,30.0940299989713],[-95.967500000867,30.0940299966396],[-95.9674999972738,30.0940200015168],[-95.9674999963755,30.0940099955119],[-95.967489997228,30.0940099978436],[-95.967489999923,30.0939999926148],[-95.9674799980806,30.0939899998207],[-95.9674699962382,30.0939800015849],[-95.9674600015824,30.0939699986849],[-95.9674499988417,30.0939600020016],[-95.9674399969993,30.0939499990995],[-95.967429992462,30.0939500014311],[-95.9674300005469,30.0939400055231],[-95.9674199969078,30.0939399977508],[-95.9674100004553,30.0939300010645],[-95.9674000022062,30.0939300041734],[-95.9673999995113,30.0939199981593],[-95.9673899994656,30.0939199997138],[-95.9673800012165,30.0939199981593],[-95.9673699993741,30.0939099952532],[-95.9673599948367,30.0939099983621],[-95.9673499965876,30.0939099952532],[-95.9673499992826,30.0939000001183],[-95.9673399992368,30.0939000032272],[-95.9673300009877,30.0938999954549],[-95.9673199964504,30.0938999985638],[-95.967309994608,30.0938899995417],[-95.9673000026471,30.0938899979873],[-95.9672900026014,30.093890000319],[-95.9672800043523,30.0938900026506],[-95.9672699989166,30.0938899948784],[-95.9672599997692,30.0938899925467],[-95.9672500015201,30.0938899956556],[-95.9672399960845,30.0938899979873],[-95.9656500013878,30.093879998187],[-95.9656399959521,30.0938799950781],[-95.9656299968047,30.093879998187],[-95.9656200039455,30.0938800012959],[-95.9656100047981,30.093879998187],[-95.9656000002607,30.0938800005187],[-95.9655900011133,30.093879998187],[-95.9655800019659,30.0938800012959],[-95.9655800001693,30.0938699952768],[-95.9655700019201,30.0938699983857],[-95.9655599955862,30.0938699944996],[-95.9655499973371,30.0938699976085],[-95.965550000032,30.0938600016923],[-95.9655400008846,30.0938600001378],[-95.9655300017372,30.0938600024695],[-95.9655199998948,30.0938500057751],[-95.9655099944592,30.0938500073296],[-95.9654999998033,30.0938400044163],[-95.9654900015542,30.0938400013074],[-95.9654899988593,30.0938300015021],[-95.9654799997118,30.0938299976159],[-95.9654800033051,30.0938200032501],[-95.9654700041577,30.0938199993641],[-95.9654600023153,30.0938100018883],[-95.9654500013712,30.0937999989711],[-95.9654499986763,30.0937899991616],[-95.9654400004272,30.0937900014934],[-95.9654400031221,30.0937799962423],[-95.9654300039747,30.093779998574],[-95.9654300021781,30.093770003426],[-95.9654200003357,30.0937600005046],[-95.9654199976407,30.0937499944734],[-95.9654100020866,30.0937400008768],[-95.9654099993916,30.0937299995068],[-95.9653999984476,30.0937200020221],[-95.9653999966509,30.0937100022046],[-95.9653999993459,30.0937000008316],[-95.9653999966509,30.0936900010121],[-95.965399993956,30.0936799949738],[-95.9654000038375,30.0936699998156],[-95.9653899975035,30.0936700021473],[-95.9653899957069,30.0936599961069],[-95.9652400049022,30.0869400032469],[-95.9883699921277,30.0878900029103],[-95.9969399998883,30.0879600080636],[-95.9969699982289,30.0879600026227],[-95.9969900019136,30.0879600026227],[-95.9970200020508,30.0879600041772],[-95.9970399994474,30.0879600041772],[-95.9970699986863,30.0879700053535],[-95.9970899960829,30.0879700053535],[-95.997109997971,30.0879700045762],[-95.9971400052947,30.0879700014671],[-95.9971599955047,30.0879800003106],[-95.9971899965403,30.0879799972015],[-95.9972100047166,30.0879799964243],[-95.9972300012148,30.0879899975985],[-95.9972600022504,30.0879899983758],[-95.9972799978503,30.0879999995491],[-95.9973099988858,30.0879999995491],[-95.9973300016723,30.088009999944],[-95.9973500035604,30.0880200011152],[-95.9973800036976,30.0880200011152],[-95.9974000001958,30.0880299960673],[-95.9974199957957,30.0880400019002],[-95.9974399994805,30.0880400034547],[-95.9974699987194,30.0880500022911],[-95.9974900015058,30.0880599987947],[-95.9975099980041,30.0880700054018],[-95.9975299954006,30.0880800003487],[-95.9975600009277,30.0880900007356],[-95.9975799983242,30.0880999956806],[-95.9976000056023,30.08810999762],[-95.9976200012022,30.0881199987811],[-95.997639999497,30.0881299976094],[-95.9976599950969,30.0881399987685],[-95.9976800023749,30.0881499999266],[-95.9977000006698,30.0881600003064],[-95.9977199962697,30.0881700014625],[-95.9977400053444,30.0881899967762],[-95.9977600009443,30.0882000033701],[-95.9977799974425,30.0882099983039],[-95.9977999939407,30.0882199994549],[-95.997820002117,30.0882400001993],[-95.9978400040051,30.0882500005701],[-95.9978600005034,30.0882600009398],[-95.9978799970016,30.0882799970125],[-95.9978899952507,30.0882899966019],[-95.9979099980371,30.0883099981095],[-95.9979300008236,30.088320003914],[-95.9979500027117,30.0883399999746],[-95.9979600009608,30.0883499956715],[-95.9979800028489,30.088369997167],[-95.997990001098,30.088390003322],[-95.9980099975963,30.0883999982366],[-95.9980300003827,30.0884199989447],[-95.9980399977335,30.0884400004259],[-95.9980599996216,30.0884500062173],[-95.998069998769,30.0884699960334],[-95.9980800033063,30.0884900037227],[-95.9980999989062,30.08849999785],[-95.9981099971554,30.0885199985378],[-95.9981200016927,30.0885400054397],[-95.9981399981909,30.0885600061195],[-95.9981500027282,30.0885799966907],[-95.998160000079,30.0885999973622],[-95.9981699992264,30.0886099976966],[-95.9981799965772,30.088630003803],[-95.9981900011146,30.0886499998009],[-95.9982000056519,30.0886700012357],[-95.9982100030027,30.08869000733],[-95.9982200021501,30.0887099970976],[-95.9982299995009,30.0887299977429],[-95.9982399986483,30.0887499991615],[-95.9982500022873,30.0887699997988],[-95.9982599933499,30.0887900004319],[-95.9982599996381,30.0888100026157],[-95.9982699987856,30.0888299977999],[-95.9982799970347,30.0888499991982],[-95.998290001572,30.0888699998152],[-95.9982900006737,30.0888900012055],[-95.998300005211,30.0889100018144],[-95.9982999989228,30.0889300024193],[-95.9983100025618,30.0889499929157],[-95.9983099971719,30.0889699989534],[-95.9983100034601,30.0889999951773],[-95.9983200008109,30.0890200012049],[-95.9983200017092,30.0890400017875],[-95.9983200017092,30.089059993039],[-95.99832999906,30.0890799990544],[-95.9983300053482,30.0891000004021],[-95.99832999906,30.0891199955277],[-95.9983300053482,30.089140001531],[-95.99832999906,30.0891600020893],[-95.9983300053482,30.0891799979801],[-95.9982600005364,30.1013599983199],[-95.9982599951466,30.1013800026235],[-95.9982600014348,30.1014000053687],[-95.9982599951466,30.101419999561],[-95.9982499951008,30.1014499958935],[-95.998250001389,30.101469996293],[-95.9982499942025,30.1014900029058],[-95.9982499951008,30.1015199999943],[-95.9982400013433,30.1015400011568],[-95.9982399941567,30.1015600015382],[-95.9982299950093,30.1015899978281],[-95.9982300003992,30.1016100044166],[-95.9982200021501,30.1016300001208],[-95.9982200012518,30.1016600010525],[-95.998210001206,30.1016800068498],[-95.9982000020586,30.1016999978767],[-95.9982000020586,30.1017200036659],[-95.9981900020129,30.1017499999073],[-95.9981799956789,30.1017700056863],[-95.9981700019214,30.101790001358],[-95.9981600036723,30.1018099970258],[-95.9981499973383,30.1018299981296],[-95.9981399963943,30.1018599997779],[-95.9981299963485,30.1018800063117],[-95.9981199918112,30.1019000011841],[-95.9981099980537,30.1019200022697],[-95.9981000042961,30.1019399979112],[-95.9980899979622,30.1019599989887],[-95.9980800042047,30.1019800000622],[-95.9980600050115,30.1020000011317],[-95.9980499995758,30.1020200021971],[-95.9980399986318,30.1020400032585],[-95.9980199994386,30.1020599973213],[-95.998009994003,30.1020799991517],[-95.9979899939115,30.1021000002009],[-95.9979800064422,30.1021199958059],[-95.9979600063507,30.10214000151],[-95.9979399945811,30.1021600033243],[-95.9979300017219,30.10217999814],[-95.9979099953422,30.1021899994322],[-95.9978899970473,30.1022099934647],[-95.9978799970016,30.1022299999277],[-95.9978600031983,30.1022500009466],[-95.9978399977169,30.1022600014544],[-95.9978200039136,30.1022800024672],[-95.9978000056188,30.1022999925957],[-95.9977799983408,30.1023099985387],[-95.9977600000459,30.1023299987642],[-95.9977400053444,30.1023499997628],[-95.9977200007613,30.1023600010377],[-95.9977000015681,30.1023800020303],[-95.9976800014766,30.1023900017479],[-95.9976599950969,30.1024100035115],[-95.9976399959038,30.1024199985631],[-95.9976200038971,30.1024299982767],[-95.9976000029073,30.1024499992551],[-95.9975700036684,30.1024599989656],[-95.9975499972887,30.1024700002294],[-95.9975299971972,30.1024799999379],[-95.9975099980041,30.1025000055691],[-95.9974799987651,30.1025100052746],[-95.9974600058602,30.1025200018704],[-95.9974399994805,30.102530002351],[-95.9974100002416,30.1025399973904],[-95.9973899956585,30.1025499970918],[-95.9973600018095,30.1025599975694],[-95.997340001718,30.1025700027089],[-95.9973199971349,30.1025799977443],[-95.9972899969977,30.1025900028818],[-95.9972699987029,30.1025999979152],[-95.9972400048538,30.1026099983877],[-95.9972199993725,30.1026099976105],[-95.9971899992352,30.1026200042992],[-95.9971599937081,30.1026300039926],[-95.9971400070914,30.1026300039926],[-95.9971100015642,30.102640004462],[-95.9970900023711,30.1026500041533],[-95.9970599968439,30.1026499994903],[-95.9970299967067,30.1026599984035],[-95.9970100038017,30.1026599991806],[-95.9969799991729,30.1026599937406],[-95.9969499990357,30.1026699980928],[-95.9969299935543,30.1026699980928],[-95.9969000059935,30.1026699973156],[-95.9968800005121,30.102679997781],[-95.9968500012732,30.1026800032211],[-95.9968199957461,30.1026799970039],[-95.9967899965072,30.1026799962267],[-95.9967700036022,30.1026799970039],[-95.9967399980751,30.1026799954495],[-95.9917900014836,30.1027400013294],[-95.9917599959565,30.1027400013294],[-95.9917400021532,30.1027400005522],[-95.9917100038126,30.1027400028837],[-95.9916900028228,30.102750003342],[-95.9916599972957,30.1027500064507],[-95.9916399981025,30.1027500048963],[-95.9916100042535,30.1027500041192],[-95.9915899987721,30.1027599983592],[-95.9915600049231,30.102760002245],[-95.9915399994417,30.1027600006907],[-95.991519993062,30.1027700003698],[-95.9914900063995,30.1027700034785],[-95.9914700000198,30.1027799977165],[-95.9914399998826,30.1027800008251],[-95.9914199935029,30.1027900012794],[-95.9913900014505,30.1027899935078],[-95.9913700004607,30.102799998624],[-95.9913500003692,30.1028099982992],[-95.9913199948421,30.1028100014078],[-95.9913000001405,30.1028200010819],[-95.9912700000033,30.1028299999778],[-95.9912499999118,30.1028399988727],[-95.991229998922,30.102850004761],[-95.9912100051187,30.1028599974366],[-95.9911799995916,30.1028700017686],[-95.9911599986018,30.1028800060995],[-95.991139997612,30.1028900057666],[-95.9911199984188,30.1028999953295],[-95.9910899982816,30.1029099988803],[-95.99107000358,30.1029200032072],[-95.9910499972003,30.1029299966529],[-95.9910299962105,30.102939997092],[-95.9910100077971,30.102950002193],[-95.9909900023157,30.1029600010758],[-95.9909700013259,30.1029800003926],[-95.9909499994378,30.1029900000495],[-95.9909299993463,30.1030000043683],[-95.9909099929666,30.103019993574],[-95.990889998265,30.1030299978898],[-95.9908700035634,30.1030399975416],[-95.9908500025736,30.1030599976194],[-95.9908299961939,30.103069996491],[-95.9908099952041,30.1030899957855],[-95.9907899951127,30.1031000008714],[-95.9907799986602,30.1031200024913],[-95.9907600039586,30.1031399955585],[-95.9907400038671,30.1031499959764],[-95.9907299966348,30.1031699960319],[-95.9907100028315,30.1031799995553],[-95.9906899991468,30.103200000382],[-95.9906799991011,30.1032199996502],[-95.9906599972129,30.1032400051316],[-95.9906500034554,30.1032500063165],[-95.9906300015673,30.1032700001345],[-95.9906199997249,30.1032900001657],[-95.9905999996334,30.1033099994158],[-95.9905899968928,30.1033300002161],[-95.9905800013386,30.1033399998376],[-95.9905600003488,30.1033600052947],[-95.9905499994047,30.1033799952047],[-95.9905399984607,30.1033999959908],[-95.9905299894318,30.1034200006587],[-95.9905200001658,30.1034400022138],[-95.9905099992217,30.1034600014335],[-95.9905000036676,30.1034800029806],[-95.9904900018252,30.1034999983064],[-95.9904800017795,30.1035199982911],[-95.9904699990388,30.103540004489],[-95.9904600034846,30.1035599990255],[-95.9904500025406,30.103579998998],[-95.9904399935117,30.1036000051837],[-95.9904299934659,30.1036199997081],[-95.9904299970592,30.1036400012228],[-95.9904199961151,30.1036600011792],[-95.9904099933744,30.1036900022718],[-95.9904099969677,30.1037100029952],[-95.9904000023118,30.1037300029374],[-95.9904000059051,30.1037499989898],[-95.9903899986728,30.103769999701],[-95.9903900031644,30.1037900011854],[-95.9903800004237,30.1038100003342],[-95.9903799986271,30.1038400021585],[-95.9903800031187,30.1038599981886],[-95.9903700012763,30.1038799988776],[-95.9903700066662,30.1038999995625],[-95.9903699985814,30.1039200002434],[-95.9902899964188,30.1051199979403],[-95.9902800053562,30.1050900011674],[-95.9902700008189,30.1050699937291],[-95.9902600034681,30.105040002381],[-95.9902500007274,30.1050100001439],[-95.9902299961443,30.1049800025606],[-95.9902199987935,30.1049500003053],[-95.990200001397,30.1049300029414],[-95.9901899968597,30.1049000006709],[-95.9901699940732,30.1048699976141],[-95.9901600084005,30.1048500017883],[-95.9901400047158,30.1048199940536],[-95.990120001031,30.1047900026296],[-95.990109997392,30.1047699997934],[-95.9900899999955,30.1047400029143],[-95.9900699963107,30.104720000068],[-95.9900499917277,30.1046900031738],[-95.990029999721,30.1046700010944],[-95.9900100032228,30.1046399979678],[-95.9899900058263,30.1046200013184],[-95.989969994955,30.1045999984477],[-95.9899499966601,30.1045700054027],[-95.9899200046078,30.1045499978592],[-95.9899000072112,30.1045300004143],[-95.9898799972383,30.1045100037426],[-95.98986000074,30.1044799959046],[-95.9898299961112,30.1044599976685],[-95.9898099978164,30.1044400009827],[-95.9897799994758,30.1044200035156],[-95.9897600011809,30.1044000013816],[-95.9897300037386,30.1043800031293],[-95.9897100000539,30.1043600009872],[-95.9896800017133,30.1043399972868],[-95.9896499979828,30.1043200005767],[-95.9896300005863,30.1042999976453],[-95.9896000022457,30.1042800001499],[-95.9895699976169,30.1042700021778],[-95.9895399983779,30.1042499984592],[-95.9895200000831,30.1042399973755],[-95.9873600009824,30.102970002289],[-95.9873299963536,30.1029600034072],[-95.9873099989571,30.1029499959758],[-95.9872899952723,30.1029300036473],[-95.9872700032657,30.1029199954357],[-95.9872400058234,30.102899997661],[-95.9872200012403,30.1028900057666],[-95.9871999984539,30.1028700033229],[-95.9871799947692,30.1028500008752],[-95.9871599973726,30.1028399980956],[-95.9871400062643,30.1028199964189],[-95.9871200025795,30.102799998624],[-95.9871000042847,30.1027899966165],[-95.9870799952101,30.1027700027013],[-95.9870599969152,30.1027500056735],[-95.9870399941288,30.1027300032015],[-95.9870199967322,30.1027099999483],[-95.987000000234,30.1026899982454],[-95.9869900019849,30.1026799962267],[-95.9869699991985,30.1026599929634],[-95.9869499946154,30.1026400060163],[-95.9869399981629,30.1026199996363],[-95.9869199944782,30.1026000010238],[-95.9869000033698,30.1025799992986],[-95.9868900006292,30.1025599975694],[-95.9868700041309,30.1025300046824],[-95.9868600013902,30.1025100013888],[-95.9868499977512,30.1024900050855],[-95.986830001253,30.1024700025609],[-95.9868199985123,30.1024499945921],[-95.986809993975,30.1024299990539],[-95.9867999966242,30.1024100019572],[-95.9867800073125,30.1023800035846],[-95.9867700036735,30.1023599963748],[-95.9867600018311,30.1023400000412],[-95.9867499972938,30.1023200029264],[-95.9867400008413,30.1022900060807],[-95.9867299981006,30.1022700035157],[-95.9867200007499,30.1022500017237],[-95.9867099989075,30.102219995531],[-95.9867100007041,30.102199999169],[-95.9866999979634,30.1021799973628],[-95.986689996121,30.1021500051377],[-95.9866799987702,30.1021299978813],[-95.9866799960753,30.1021000017552],[-95.9866700050127,30.1020799999289],[-95.9866700023178,30.1020599996528],[-95.9866599995771,30.1020300003968],[-95.986660002272,30.1020100008877],[-95.9866500004296,30.1019800031709],[-95.9866500031246,30.1019599966572],[-95.9866500013279,30.1019300004795],[-95.9866500031246,30.1019100056133],[-95.9866399994856,30.1018899983083],[-95.9866400039772,30.101859995892],[-95.9866400003839,30.1018399947942],[-95.986639997689,30.1015699966757]]]},"properties":{"OBJECTID":51,"GID":24,"SCHOOL_NM":"Prairie View A&M University","GRID_OP":null,"CREATE_DT":null,"CREATE_NM":null,"EDIT_DT":null,"EDIT_NM":null}},{"type":"Feature","id":52,"geometry":{"type":"Polygon","coordinates":[[[-96.4070900021443,30.158110004584],[-96.4072800039117,30.1587799991043],[-96.4072600020236,30.1587999987665],[-96.407270001171,30.1588400011854],[-96.4074499957062,30.1594999960359],[-96.4074599993452,30.1595299988037],[-96.407429999208,30.1595400059379],[-96.4069200013667,30.1596499996864],[-96.4070600029054,30.1601900014631],[-96.4046899974542,30.1606800001563],[-96.4043399949549,30.1594200056981],[-96.4051899988431,30.1592399934138],[-96.4050300043994,30.1585600002231],[-96.4070900021443,30.158110004584]]]},"properties":{"OBJECTID":52,"GID":25,"SCHOOL_NM":"Blinn College","GRID_OP":null,"CREATE_DT":null,"CREATE_NM":null,"EDIT_DT":null,"EDIT_NM":null}},{"type":"Feature","id":53,"geometry":{"type":"Polygon","coordinates":[[[-96.376810005232,30.5584699876318],[-96.376829989238,30.5587500059109],[-96.377070007853,30.5589400081419],[-96.3775700115438,30.5589200047438],[-96.3778000118379,30.558689995587],[-96.3782199917784,30.5590499965407],[-96.3784799943994,30.5611299926873],[-96.3775999963254,30.5620400015315],[-96.3781600046699,30.562550010061],[-96.3785199975019,30.5633999981761],[-96.378130002343,30.5636099937373],[-96.3774600030119,30.5632700122068],[-96.3773199921532,30.563339990728],[-96.3769800008724,30.5638799959952],[-96.3770600070774,30.5650400060998],[-96.3768800106614,30.5654599896682],[-96.3759600094848,30.5661199947044],[-96.3749500013277,30.5662600080137],[-96.3747599865908,30.5666100101885],[-96.3735499980117,30.5676700099351],[-96.3727300045914,30.5679300001229],[-96.3719100111711,30.5678799962537],[-96.3716399902293,30.5677000123247],[-96.3714899961401,30.5671499972548],[-96.3712200102887,30.5670199860956],[-96.3707699929308,30.5671299955493],[-96.3703199931182,30.5674699937672],[-96.3820400073433,30.5774899943955],[-96.3752599902816,30.58331999621],[-96.3757400099663,30.5837900171505],[-96.3763999909766,30.5835099805255],[-96.3767500005783,30.5837399912497],[-96.3766699943733,30.5843299991895],[-96.3761699906825,30.5843899936517],[-96.3757899962992,30.5846699975261],[-96.376370006195,30.5851400119212],[-96.3760399981446,30.5852000058821],[-96.3767099974758,30.5857000145285],[-96.3772800065959,30.5852000058821],[-96.3782899972078,30.5860600058654],[-96.3802200065415,30.5844399890085],[-96.3840000014586,30.5874699917875],[-96.3843000071821,30.5871999947855],[-96.3875200112999,30.589930017095],[-96.3851200006024,30.5923199921981],[-96.3868399936479,30.5937899965218],[-96.375612368488,30.6034817525782],[-96.3736812888959,30.6006450402896],[-96.3734064781089,30.6002986343981],[-96.3693000017307,30.6040900034804],[-96.3736980796718,30.6087256203109],[-96.3742809845289,30.6081318347326],[-96.3743986603221,30.6079674792184],[-96.3756016483583,30.6088841155355],[-96.3819364203621,30.6144858853317],[-96.3813860092531,30.6147896596144],[-96.3762086077126,30.6193191626643],[-96.3766333599531,30.62026295987],[-96.3768915027807,30.6209604591677],[-96.3770193372565,30.6214245600591],[-96.3771979125097,30.6225126473347],[-96.377209562536,30.6233256020701],[-96.3766129373166,30.6275019957767],[-96.3711000009812,30.6324200110468],[-96.3662699948045,30.6283300060962],[-96.3632331452423,30.6310011984439],[-96.3570141015123,30.6242192948207],[-96.3531706630782,30.6198498572149],[-96.3525986362577,30.6204542608313],[-96.3513721551714,30.6214027577246],[-96.3501277955054,30.6226409232403],[-96.3482323151655,30.6242003617614],[-96.3478040538809,30.6238672661366],[-96.3465222351695,30.6255760034463],[-96.3372801148753,30.6254392463878],[-96.3358174575772,30.6268100693866],[-96.334843189034,30.6276634495885],[-96.3333195094594,30.6264027016386],[-96.3327754497203,30.6260419543405],[-96.3316430636509,30.6250446759773],[-96.3316070433134,30.6249458443981],[-96.3303947212199,30.6239138289336],[-96.3296661910335,30.6232821492355],[-96.3290130526592,30.6227502958297],[-96.3282085165781,30.6221129617141],[-96.3277421997105,30.6217802816642],[-96.3275896791096,30.6217183475466],[-96.3249549484536,30.6197162628211],[-96.3242155226854,30.6190990205068],[-96.3234757460127,30.6185093148781],[-96.3236633044187,30.6184623267085],[-96.3279369867473,30.6147867604907],[-96.3294976516464,30.6135471355388],[-96.329663997881,30.6133987648255],[-96.331286667589,30.6119484464954],[-96.3325032707163,30.6107539047112],[-96.3343210432751,30.6091533574958],[-96.3345297436717,30.6089922956257],[-96.3353419996498,30.6083654715656],[-96.3362800724033,30.6075297703115],[-96.3368487656319,30.6069254068218],[-96.3372127763194,30.6064873609858],[-96.3374540055546,30.606262115741],[-96.33848696286,30.6052971009535],[-96.3389947390834,30.6048428895204],[-96.3391225911044,30.6046478730264],[-96.3395089719479,30.6044438256132],[-96.3405927928472,30.6035341241007],[-96.3416796666149,30.60256352478],[-96.3373664022692,30.5982165787178],[-96.3495699978587,30.5873000127826],[-96.3423900024077,30.5812099943179],[-96.350550003689,30.5737700028178],[-96.3521400041967,30.5750399857734],[-96.3652900065194,30.5632899844928],[-96.3660699968372,30.5639900090096],[-96.376810005232,30.5584699876318]],[[-96.3589600068156,30.5749300155024],[-96.3570499990332,30.5752599863643],[-96.356819998739,30.5778499860074],[-96.3590199939241,30.5864799890341],[-96.356999995155,30.5860800036667],[-96.3561700009591,30.5881000020059],[-96.3585799948871,30.5909600084102],[-96.3586399995408,30.5926100015976],[-96.3612999953142,30.5969900015661],[-96.3621100055041,30.5979399968784],[-96.3627500025083,30.5984800209019],[-96.3670400018918,30.5947399930021],[-96.3667099938415,30.5943700056547],[-96.3692599986282,30.5922999956842],[-96.372740005367,30.5937899965218],[-96.3739899970487,30.5915000109206],[-96.3723599934385,30.5902400003825],[-96.3742700012209,30.588310004502],[-96.3725899937326,30.5869299970315],[-96.3743500074259,30.5857700070749],[-96.3743799922076,30.5855699980286],[-96.3725999945083,30.5838600110759],[-96.3661500030422,30.5880100137429],[-96.3635099912749,30.5871400020625],[-96.3625600053167,30.5848800074533],[-96.3606799998612,30.5766800083825],[-96.3589600068156,30.5749300155024]]]},"properties":{"OBJECTID":53,"GID":97,"SCHOOL_NM":"Texas A&M University","GRID_OP":null,"CREATE_DT":null,"CREATE_NM":null,"EDIT_DT":null,"EDIT_NM":null}},{"type":"Feature","id":54,"geometry":{"type":"Polygon","coordinates":[[[-103.639269997425,30.3647600014028],[-103.645480000679,30.3623699979578],[-103.645599998533,30.3623199988544],[-103.645720001777,30.3622799993983],[-103.645839998732,30.3622399983755],[-103.645950006422,30.3621999957862],[-103.646060000637,30.3621700037162],[-103.651119999528,30.360659997988],[-103.652239995668,30.3610099994405],[-103.652259998455,30.3610199969169],[-103.652280001241,30.3610300013681],[-103.65229999774,30.361030000593],[-103.652330002368,30.3610399996175],[-103.652349997968,30.3610399988424],[-103.652370001653,30.3610499978658],[-103.652389997253,30.3610499970907],[-103.652409994649,30.3610500009663],[-103.652430002826,30.3610600038643],[-103.652450000222,30.3610599976634],[-103.652470009297,30.3610600007639],[-103.652499995061,30.3610700021106],[-103.652520004136,30.3610700013355],[-103.652540000634,30.3610700005604],[-103.652559996234,30.3610700036609],[-103.652580006207,30.3610800073319],[-103.652599996417,30.3610800003559],[-103.652630001046,30.3610800019061],[-103.652649997544,30.3610800057817],[-103.65267000572,30.3610800042314],[-103.652690002218,30.3610799980305],[-103.652709999615,30.3610800019061],[-103.652729997012,30.3610799995808],[-103.652759994454,30.361080001131],[-103.652780004427,30.3610699997853],[-103.652800000027,30.3610700044359],[-103.652820003711,30.3610700028857],[-103.652839993921,30.3610700013355],[-103.652860002996,30.3610599999887],[-103.652890001337,30.3610600015389],[-103.652910004123,30.3610599992136],[-103.652929999723,30.3610499994161],[-103.652950003408,30.3610500025165],[-103.652969999906,30.3610500009663],[-103.652989996404,30.3610400003926],[-103.653010000089,30.3610400042682],[-103.653029996587,30.3610300029184],[-103.653050004764,30.3610200015675],[-103.65307000216,30.3610200000173],[-103.654119999777,30.3636999991401],[-103.652929999723,30.3640600023815],[-103.652859994013,30.3639100029359],[-103.652570005263,30.3639999999956],[-103.652230001013,30.3641000034349],[-103.641640000182,30.3672600016276],[-103.641049992991,30.3657399976607],[-103.640530002291,30.3645099985628],[-103.639350005876,30.3649599988741],[-103.639269997425,30.3647600014028]]]},"properties":{"OBJECTID":54,"GID":98,"SCHOOL_NM":"Sul Ross State University","GRID_OP":null,"CREATE_DT":null,"CREATE_NM":null,"EDIT_DT":null,"EDIT_NM":null}},{"type":"Feature","id":55,"geometry":{"type":"Polygon","coordinates":[[[-98.9875900058091,31.7140400018385],[-98.9893500012834,31.715439997479],[-98.9893799978273,31.7154599934973],[-98.989209997948,31.7156199981685],[-98.9889699986468,31.7163599955486],[-98.9887399993914,31.7165900026184],[-98.9887399957981,31.7165799990005],[-98.9864599952502,31.7186899964914],[-98.9862999990099,31.7184100019927],[-98.9862700033643,31.718350002079],[-98.986219998644,31.7183000002109],[-98.9861800002576,31.7182500036649],[-98.9861500010187,31.7182199986942],[-98.9843699991647,31.7167900021558],[-98.9851699992309,31.7161700010394],[-98.9875900058091,31.7140400018385]]]},"properties":{"OBJECTID":55,"GID":99,"SCHOOL_NM":"Howard Payne University","GRID_OP":null,"CREATE_DT":null,"CREATE_NM":null,"EDIT_DT":null,"EDIT_NM":null}},{"type":"Feature","id":56,"geometry":{"type":"Polygon","coordinates":[[[-97.5084300013335,25.9196199988358],[-97.5079099998531,25.919490000889],[-97.5076899961519,25.9163199975803],[-97.5090599961304,25.9150799971317],[-97.5110200032994,25.916919995644],[-97.5084499996283,25.9191199950097],[-97.5084300013335,25.9196199988358]]]},"properties":{"OBJECTID":56,"GID":100,"SCHOOL_NM":"Villa Maria Academy","GRID_OP":null,"CREATE_DT":null,"CREATE_NM":null,"EDIT_DT":null,"EDIT_NM":null}},{"type":"Feature","id":57,"geometry":{"type":"Polygon","coordinates":[[[-97.5014484952696,25.9162333867002],[-97.501922570381,25.9165788222965],[-97.5028027253233,25.9169881713748],[-97.5037500014854,25.9174099964706],[-97.5036900021092,25.9176899979909],[-97.5036800020635,25.9176900020307],[-97.5035700060519,25.9176399962388],[-97.5034300045132,25.9179200044845],[-97.5032799957422,25.9182000015617],[-97.5031799979797,25.9183999994132],[-97.5030400018309,25.9187199997944],[-97.5028999984956,25.919040000923],[-97.5028100016771,25.9192199996612],[-97.502740001357,25.9193499970977],[-97.5026099989657,25.9195500035018],[-97.5025400013404,25.9196500061725],[-97.5024699983252,25.9197399998586],[-97.5023300030747,25.9198799975311],[-97.502229999024,25.9199699999291],[-97.5020499982007,25.9200900022116],[-97.5018699982756,25.9202000003588],[-97.5015799987457,25.9203499998704],[-97.5012999974649,25.9205100047947],[-97.5011499994737,25.9205999978243],[-97.5009200011166,25.9207500049064],[-97.5008000086525,25.9208200011438],[-97.5006800045103,25.9208800022717],[-97.5004499971701,25.9209600056132],[-97.5002300006553,25.9210499999152],[-97.5000300033337,25.9211100001181],[-97.4998400006679,25.9211700002904],[-97.4997299983681,25.9212100022735],[-97.4996199996616,25.9212499937398],[-97.4995599993871,25.92125999524],[-97.4995000009093,25.9212599960479],[-97.4994699998738,25.9212599992797],[-97.4994299960975,25.921230002856],[-97.4993700003147,25.9211800009894],[-97.4993400001774,25.9211699994824],[-97.4992999999944,25.9211600012064],[-97.4992100004811,25.9211599963587],[-97.4991100000237,25.9211599987826],[-97.4988799998699,25.9211499988898],[-97.4987700011634,25.9211399965723],[-97.4987200009346,25.9211200040539],[-97.4986599952703,25.921100000221],[-97.4986000030807,25.9210700013328],[-97.4985599993044,25.921040000821],[-97.4985000017249,25.9209700039062],[-97.4984599979487,25.9209100036321],[-97.4984099995166,25.920819997912],[-97.4983700020286,25.9207199986576],[-97.4982999963185,25.9205199974702],[-97.498260003322,25.9203699997909],[-97.4982399969423,25.9202600034182],[-97.4982300013882,25.9200899989798],[-97.4982300022865,25.9199200015679],[-97.4982400014339,25.9197599982667],[-97.4982599970338,25.9196500037487],[-97.4982800016169,25.9195599986826],[-97.4983300018456,25.9194300022855],[-97.4983600019828,25.9193700036515],[-97.4983900030184,25.9193000033213],[-97.4985299964723,25.9190999956852],[-97.4986300032179,25.9189699987809],[-97.4989600047274,25.9185700038646],[-97.4991000026729,25.9184000010291],[-97.4992499952742,25.9182200034628],[-97.4993599984723,25.9181100002364],[-97.4994599962347,25.9179900024022],[-97.499470006162,25.9179699988462],[-97.4994700007721,25.9179299949557],[-97.4994400033298,25.9178700060618],[-97.4994300023857,25.9178400023119],[-97.4994400015332,25.9178099977463],[-97.4994800062077,25.9177499990958],[-97.4995400019906,25.9177100056343],[-97.4995699985346,25.9176999973692],[-97.4996399979565,25.9176800018436],[-97.4997399948206,25.9176800042674],[-97.4997799968002,25.9176699959998],[-97.4998300006222,25.9176500012771],[-97.4999399993287,25.9175600003399],[-97.5000000022981,25.9175100025725],[-97.5000400060744,25.9174599967043],[-97.5001199947622,25.9173099975556],[-97.5001999996197,25.9171699984473],[-97.5004199988294,25.9169700017413],[-97.5006400016324,25.9167800017284],[-97.5007299993491,25.9166799974313],[-97.5007900068101,25.9165999992651],[-97.5009399967165,25.9163499976771],[-97.5009900005385,25.9162799987858],[-97.5010199988791,25.9162199985488],[-97.5010400034621,25.9161800021443],[-97.5010399971739,25.9161500028122],[-97.5010400034621,25.916099999599],[-97.5010199970824,25.9160600015379],[-97.5009699986503,25.9160100007106],[-97.5009799951028,25.9160000019969],[-97.5010766969465,25.9158721250403],[-97.5014484952696,25.9162333867002]]]},"properties":{"OBJECTID":57,"GID":101,"SCHOOL_NM":"Saint Joseph Academy","GRID_OP":null,"CREATE_DT":null,"CREATE_NM":null,"EDIT_DT":null,"EDIT_NM":null}},{"type":"Feature","id":58,"geometry":{"type":"Polygon","coordinates":[[[-97.4906415342295,25.9003618959345],[-97.4900800009387,25.8999899956868],[-97.4911000020112,25.8987699968422],[-97.4918500045436,25.8992900007403],[-97.4928023031864,25.8989023578681],[-97.4935148172254,25.9003803145922],[-97.491595726521,25.9011379562682],[-97.4910700000774,25.9006899953696],[-97.4906415342295,25.9003618959345]]]},"properties":{"OBJECTID":58,"GID":102,"SCHOOL_NM":"The University of Texas at Brownsville","GRID_OP":null,"CREATE_DT":null,"CREATE_NM":null,"EDIT_DT":null,"EDIT_NM":null}},{"type":"Feature","id":59,"geometry":{"type":"Polygon","coordinates":[[[-95.2780800003523,31.9642600019777],[-95.2786199956359,31.9642999990973],[-95.28206000149,31.9642400003629],[-95.2820700051289,31.9642399973144],[-95.2820799943949,31.9642400034113],[-95.2820899980339,31.9642399996007],[-95.2821000007746,31.9642400018871],[-95.2821099981254,31.9642399996007],[-95.2821200044594,31.964250002314],[-95.2821300009118,31.9642500046003],[-95.2821400036525,31.9642500000277],[-95.2821399955677,31.9642600057882],[-95.28214999741,31.9642600027398],[-95.282160001049,31.9642600004535],[-95.2821599992524,31.9642699955434],[-95.2821700019931,31.9642699978297],[-95.2821700001965,31.9642799990155],[-95.2821800038355,31.9642799952049],[-95.2821800065304,31.9642900017243],[-95.2821900029829,31.9642899986759],[-95.2821900065762,31.9642999983352],[-95.2821999985371,31.9642999960489],[-95.282200001232,31.9643100025661],[-95.2821999931472,31.9643199984127],[-95.2822099958879,31.9643200052717],[-95.2822099940912,31.9643300011172],[-95.2822099967862,31.9643400022965],[-95.2822099949896,31.9643500034745],[-95.2822099994811,31.9643600046516],[-95.2821999967405,31.9671500069933],[-95.2812799997186,31.9671400007856],[-95.2812800006169,31.9665099999779],[-95.2794999978646,31.9665400027998],[-95.2794799959765,31.9664500004012],[-95.2794699968291,31.9664099988835],[-95.2794500030258,31.9663399982813],[-95.2794299957478,31.9662700021983],[-95.2794100019445,31.9661999953926],[-95.2793900009547,31.9661300007271],[-95.2793600026141,31.9660600029598],[-95.2793399971327,31.9659899967561],[-95.2793099934023,31.9659200042167],[-95.2792800013499,31.96584999562],[-95.2792499985177,31.9657799984013],[-95.2792200019737,31.9657099996051],[-95.279189991955,31.9656399969449],[-95.2791500016535,31.9655800044208],[-95.279119997923,31.9655099993753],[-95.2790799977401,31.9654400003732],[-95.2790399957605,31.9653799962869],[-95.2789999964758,31.9653099964236],[-95.2789599998861,31.9652499968249],[-95.2789200059913,31.9651800029594],[-95.2788799977235,31.965119997941],[-95.2788299992914,31.9650599974561],[-95.2787900053967,31.9649899973488],[-95.2787400006764,31.9649300005894],[-95.278690001346,31.9648699992182],[-95.2786400020156,31.9648100031426],[-95.2785899981936,31.9647499963582],[-95.2785399988632,31.9646900002041],[-95.2784799949955,31.9646399982984],[-95.2784300028516,31.9645800020724],[-95.2783699944923,31.9645199974241],[-95.2783199996535,31.9644700030468],[-95.2782599984807,31.9644099937539],[-95.2782000017995,31.9643600069379],[-95.2781399970335,31.9643099987556],[-95.2780800003523,31.9642600019777]]]},"properties":{"OBJECTID":59,"GID":103,"SCHOOL_NM":"Jacksonville College","GRID_OP":null,"CREATE_DT":null,"CREATE_NM":null,"EDIT_DT":null,"EDIT_NM":null}},{"type":"Feature","id":60,"geometry":{"type":"Polygon","coordinates":[[[-95.2573900018301,31.977360000852],[-95.2574599976588,31.9799300000192],[-95.2557100058234,31.9805399998104],[-95.2556400010117,31.9805700018566],[-95.2552700011158,31.9803899955285],[-95.2539200021271,31.9797399990311],[-95.2537899997358,31.9796700017362],[-95.2536700045767,31.9795799962096],[-95.2535600067685,31.9794899997385],[-95.2534599955313,31.9793900005928],[-95.2534499972822,31.9793800010532],[-95.2531500030964,31.9790200031869],[-95.2573900018301,31.977360000852]]]},"properties":{"OBJECTID":60,"GID":104,"SCHOOL_NM":"BMA Theological College","GRID_OP":null,"CREATE_DT":null,"CREATE_NM":null,"EDIT_DT":null,"EDIT_NM":null}},{"type":"Feature","id":61,"geometry":{"type":"Polygon","coordinates":[[[-95.2796600048847,31.95558000228],[-95.2774300018706,31.9556199986071],[-95.2774600056011,31.9569699978151],[-95.2764800029149,31.9569799997959],[-95.2764699974793,31.9527800003966],[-95.2796000046103,31.952750000701],[-95.2796600048847,31.95558000228]]]},"properties":{"OBJECTID":61,"GID":105,"SCHOOL_NM":"Lon Morris College","GRID_OP":null,"CREATE_DT":null,"CREATE_NM":null,"EDIT_DT":null,"EDIT_NM":null}},{"type":"Feature","id":62,"geometry":{"type":"Polygon","coordinates":[[[-97.1625399965767,33.6188000033595],[-97.1637100019287,33.616720001073],[-97.1652399972492,33.6167400010103],[-97.1655499959723,33.6167400032546],[-97.1669000057408,33.6167500035956],[-97.1679600007081,33.6167599979507],[-97.1679900062352,33.6167599919661],[-97.1673299978263,33.6211800008733],[-97.1673000021807,33.6211800031174],[-97.1670900003217,33.621149999893],[-97.166849993834,33.6210900031375],[-97.1666200008668,33.6210199990155],[-97.1664100017028,33.6209200005087],[-97.1663199950029,33.6208700019598],[-97.1662800038031,33.6208599976086],[-97.1625399965767,33.6188000033595]]]},"properties":{"OBJECTID":62,"GID":106,"SCHOOL_NM":"North Central Texas Junior College","GRID_OP":null,"CREATE_DT":null,"CREATE_NM":null,"EDIT_DT":null,"EDIT_NM":null}},{"type":"Feature","id":63,"geometry":{"type":"Polygon","coordinates":[[[-98.6322426958446,29.5809558255524],[-98.6322201095034,29.5812751059103],[-98.6321006874696,29.5816737535862],[-98.631581015671,29.5827978944282],[-98.6314967554939,29.5830678323288],[-98.6314682339837,29.5831980305455],[-98.6314151435504,29.584324442551],[-98.6315060548538,29.5852736226759],[-98.6315186339627,29.5857692097535],[-98.6314759118844,29.5860969468714],[-98.6313531624907,29.5864909836953],[-98.6313454836917,29.5864973628533],[-98.6297608465473,29.5866772180706],[-98.6267474164857,29.5871746785555],[-98.6237059401226,29.5875260237538],[-98.6199266747217,29.5879171505922],[-98.619445863144,29.5879668879375],[-98.6190541168318,29.5880183149362],[-98.6165808644117,29.5883429403768],[-98.6122498331021,29.5888226992161],[-98.611264830393,29.5890025042],[-98.6094923654043,29.5892816721384],[-98.6079112613339,29.5894536318735],[-98.6070326811383,29.5855241483497],[-98.6069762301075,29.5851822681751],[-98.6069609928837,29.5848370886244],[-98.6069870979258,29.5844924344225],[-98.6070542757394,29.5841520303518],[-98.607161801384,29.5838196418679],[-98.6073084944732,29.5834988837009],[-98.6074927326498,29.5831932909403],[-98.6077125018908,29.5829062041904],[-98.6080807743264,29.5825365382426],[-98.608346765482,29.5822810647314],[-98.6085807622405,29.5820027008325],[-98.6087801936234,29.5817044790612],[-98.6089428354022,29.5813896702291],[-98.6090669547267,29.5810617131434],[-98.6091511744796,29.580724214614],[-98.6091945774808,29.5803808869621],[-98.6092008513148,29.5801801928271],[-98.6092032614947,29.5791919331934],[-98.6099293014669,29.579238839714],[-98.6103174706877,29.5793012546257],[-98.610696056681,29.57939880109],[-98.6111991545626,29.579537437515],[-98.6117340546019,29.5796438117428],[-98.6121170872559,29.5796811369524],[-98.6145206888004,29.5796630247316],[-98.6157493622252,29.5796269955896],[-98.6162746628674,29.5795946366936],[-98.6166624053884,29.5795303430833],[-98.616994278987,29.5794430911427],[-98.6174043751855,29.5792976140434],[-98.6177504286908,29.5791317369417],[-98.6182444365201,29.5788073771828],[-98.6186860474155,29.5784421813654],[-98.6194791133859,29.5777863454133],[-98.6198288724418,29.5776265096078],[-98.6201958171674,29.5774994917239],[-98.6205759276017,29.5774067098642],[-98.6209650804778,29.5773491617869],[-98.6213589782551,29.5773274983386],[-98.624302685576,29.5773004153109],[-98.6249305621455,29.5772946246389],[-98.6264564359955,29.5772805815548],[-98.6279823287102,29.5772664931559],[-98.6311129817298,29.5772674126949],[-98.6317706958415,29.5772102520417],[-98.6319224123099,29.5796483374555],[-98.6319627251065,29.5798096723783],[-98.632216082356,29.5806583928555],[-98.6322426958446,29.5809558255524]]]},"properties":{"OBJECTID":63,"GID":107,"SCHOOL_NM":"The University of Texas at San Antonio","GRID_OP":null,"CREATE_DT":null,"CREATE_NM":null,"EDIT_DT":null,"EDIT_NM":null}},{"type":"Feature","id":64,"geometry":{"type":"Polygon","coordinates":[[[-97.7418999976009,30.2837800020798],[-97.7416845977655,30.286489439544],[-97.7415501666798,30.2877188542045],[-97.7414611472284,30.2887621950077],[-97.741415378963,30.2890803066347],[-97.7411535452105,30.2919848800555],[-97.7403427096654,30.2919657219084],[-97.7400554329291,30.291924177284],[-97.738926678215,30.2918243196346],[-97.7377687354408,30.2917486076147],[-97.7365828128403,30.2916530733569],[-97.736570352309,30.2924696810007],[-97.7365172924185,30.2926748803468],[-97.7360252177637,30.2931764715978],[-97.7357051983336,30.292201860412],[-97.7347348534351,30.2909555302147],[-97.7345303627404,30.2904288173893],[-97.7344581624461,30.2900505786562],[-97.7346884006534,30.2893263917238],[-97.7332822946886,30.289141108127],[-97.7309218500071,30.2892059656479],[-97.7303610236903,30.289054312558],[-97.7298305613286,30.2888345017279],[-97.7295295179105,30.2886275994618],[-97.7291860973673,30.2883180957928],[-97.7286957753257,30.2879615955781],[-97.727663835643,30.2874757926417],[-97.7267722110112,30.2871056292301],[-97.7265957297871,30.2870485382192],[-97.7274700043576,30.2841800031777],[-97.726837765569,30.2840696249876],[-97.7274795660255,30.283090749088],[-97.7276485085876,30.2828750580218],[-97.7282790531536,30.2823491768462],[-97.7286735429207,30.2819854071665],[-97.7288854186653,30.2817469222626],[-97.729166405398,30.2813770452081],[-97.7294215961089,30.2809914678727],[-97.7299695899918,30.279890418634],[-97.7309185549866,30.2774563973891],[-97.7311931816471,30.2766726279223],[-97.7313221554673,30.276140696479],[-97.7317736047117,30.274778349983],[-97.7348732550743,30.2756031454019],[-97.7360091684628,30.2759892248995],[-97.7353400430521,30.2777743866395],[-97.7349704761442,30.278671762004],[-97.7346732110403,30.2791195300409],[-97.7345103177332,30.2796387949811],[-97.7357085679143,30.2799766319572],[-97.7367742608954,30.2802952600228],[-97.7381073419124,30.2806880646924],[-97.7391677932238,30.2809611344235],[-97.7389890572284,30.2836075393758],[-97.7407760740264,30.2837372143721],[-97.7418999976009,30.2837800020798]]]},"properties":{"OBJECTID":64,"GID":108,"SCHOOL_NM":"The University of Texas at Austin","GRID_OP":null,"CREATE_DT":null,"CREATE_NM":null,"EDIT_DT":null,"EDIT_NM":null}},{"type":"Feature","id":65,"geometry":{"type":"Polygon","coordinates":[[[-97.1614117395293,33.2094489874257],[-97.1613884542989,33.2108471496877],[-97.1579388077252,33.2108227960744],[-97.1579124044423,33.2137916787954],[-97.1567917282776,33.2137870409201],[-97.1550020291101,33.2138325080208],[-97.1549933468929,33.2147635115522],[-97.15359660317,33.2146563861014],[-97.1528561874584,33.2146453953995],[-97.1528675511467,33.2126844318818],[-97.1506922115159,33.2126686850012],[-97.1507020004576,33.213646414952],[-97.1506145827023,33.2137518649087],[-97.1505984857907,33.2146550535991],[-97.1463878260342,33.214627419767],[-97.1462583797001,33.2144670217671],[-97.1461875870658,33.2143167311403],[-97.1462113618781,33.2138901225453],[-97.1461894501717,33.2137384187461],[-97.1461900017373,33.2137299990167],[-97.1461882266663,33.2137299809793],[-97.1461855604665,33.2137114918429],[-97.1459801427105,33.2136296746808],[-97.14421489838,33.2136305449886],[-97.1443254190077,33.2081984675757],[-97.1460583787852,33.2082274743699],[-97.1459840746365,33.2080503000021],[-97.1459597770047,33.2078393290996],[-97.1459913438038,33.2066680364469],[-97.1472431874747,33.2067244260367],[-97.1485111541084,33.2067326495155],[-97.1507320940196,33.2067471805909],[-97.1518657643149,33.2067977834091],[-97.1528990936913,33.2068061158659],[-97.1545917397738,33.2068441312806],[-97.154603276837,33.2056552304151],[-97.1560799885865,33.2062907835641],[-97.1572582314895,33.2069167181434],[-97.1592236590929,33.20782091388],[-97.1614117395293,33.2094489874257]]]},"properties":{"OBJECTID":65,"GID":109,"SCHOOL_NM":"University of North Texas","GRID_OP":null,"CREATE_DT":null,"CREATE_NM":null,"EDIT_DT":null,"EDIT_NM":null}},{"type":"Feature","id":66,"geometry":{"type":"Polygon","coordinates":[[[-96.6675865773025,32.802297703468],[-96.6673888913461,32.8026090563051],[-96.6673448343713,32.8028118169787],[-96.6673422705795,32.8029354920643],[-96.6673840898509,32.8031560413742],[-96.667590402329,32.8034903489344],[-96.667697339577,32.8037118746734],[-96.665934971652,32.804481777409],[-96.6651319846875,32.8048513001749],[-96.6649899951771,32.8023099983422],[-96.6675865773025,32.802297703468]]]},"properties":{"OBJECTID":66,"GID":110,"SCHOOL_NM":"Dallas Bible College","GRID_OP":null,"CREATE_DT":null,"CREATE_NM":null,"EDIT_DT":null,"EDIT_NM":null}},{"type":"Feature","id":67,"geometry":{"type":"Polygon","coordinates":[[[-96.7603958852357,32.6751305825557],[-96.759854650277,32.6755463687166],[-96.7595389876761,32.6757728842212],[-96.7593660925266,32.6759285294124],[-96.7592453553591,32.6760766741349],[-96.7592013666563,32.6762066454614],[-96.7591544566322,32.6765688548387],[-96.7590818997067,32.6770791793423],[-96.7590092125255,32.6773874532219],[-96.7587889357363,32.6778049762944],[-96.7587052450912,32.6780525918706],[-96.7586894643866,32.6783602741254],[-96.7587384360443,32.6785149257982],[-96.7582077823413,32.6785981871017],[-96.75781499578,32.6787370233153],[-96.7574696744016,32.6789410943736],[-96.757190360332,32.6791777430853],[-96.7569512108371,32.6794369340189],[-96.7577727776566,32.679977665802],[-96.7585238150482,32.6805503836792],[-96.758904536337,32.6809034885885],[-96.7592909798941,32.6812140493288],[-96.7596181858464,32.6814784325328],[-96.7600613481323,32.6818805181853],[-96.7601585763888,32.682103194062],[-96.7601842223918,32.682286352244],[-96.7601997937889,32.6826145598363],[-96.7601774203485,32.682634032912],[-96.7601034512714,32.6832490222909],[-96.7601000044356,32.6832460539056],[-96.7601000035373,32.6832499999073],[-96.7598699926038,32.6840499965384],[-96.7595499965299,32.6838899999025],[-96.7590299968462,32.6835699951857],[-96.7585499937522,32.6832099985266],[-96.7521000019773,32.6826800031147],[-96.7518000033,32.6825800035278],[-96.751530002065,32.6824899978308],[-96.7515000019277,32.6824799992924],[-96.7514800009379,32.6824500006462],[-96.7495536060319,32.6792508551598],[-96.7518303367122,32.6781319610625],[-96.7596930846799,32.6743277589052],[-96.759751209272,32.674273462109],[-96.7599901431713,32.674645190264],[-96.7603958852357,32.6751305825557]]]},"properties":{"OBJECTID":67,"GID":111,"SCHOOL_NM":"Paul Quinn College","GRID_OP":null,"CREATE_DT":null,"CREATE_NM":null,"EDIT_DT":null,"EDIT_NM":null}},{"type":"Feature","id":68,"geometry":{"type":"Polygon","coordinates":[[[-97.3540599949892,31.0701699952526],[-97.3540500012316,31.0702000010716],[-97.3525400042059,31.0742599972213],[-97.3505941419094,31.0737310220715],[-97.3506017066224,31.0736526591219],[-97.3506073830767,31.0733233075127],[-97.3506116123451,31.0730785105134],[-97.3505902180683,31.072658931792],[-97.3505293599027,31.0723904772267],[-97.3503932992732,31.0719730060011],[-97.3500666745308,31.0713086339256],[-97.3499743178381,31.0710212228912],[-97.3498859990726,31.0707338633096],[-97.3498619736304,31.0704822355094],[-97.3498862883302,31.0702486788505],[-97.3499417485192,31.0700888424567],[-97.3501881743679,31.0694392490325],[-97.3502554536911,31.0693004825678],[-97.3503631042015,31.0691727151513],[-97.3504946445086,31.0690696837866],[-97.3506662514739,31.0689950803695],[-97.3507992156107,31.0689726493958],[-97.3508777148918,31.068959400253],[-97.3512946221169,31.0689793697629],[-97.3525558406061,31.0693909009313],[-97.3531162959186,31.0696627849103],[-97.3541265233208,31.0699877056783],[-97.3540599949892,31.0701699952526]]]},"properties":{"OBJECTID":68,"GID":112,"SCHOOL_NM":"Temple College","GRID_OP":null,"CREATE_DT":null,"CREATE_NM":null,"EDIT_DT":null,"EDIT_NM":null}},{"type":"Feature","id":69,"geometry":{"type":"Polygon","coordinates":[[[-97.6690800049632,30.6371599983634],[-97.669079998675,30.6372100032462],[-97.6690800022682,30.6372399979706],[-97.6690400020853,30.6372499949218],[-97.6683400015782,30.6374800041244],[-97.6681700034955,30.6375200003258],[-97.6669299951285,30.6379000039925],[-97.6667200049477,30.6379600061435],[-97.6650599955577,30.638460001753],[-97.6647799978702,30.638540001058],[-97.6645799978537,30.6387699994643],[-97.662249999772,30.639539996836],[-97.6625899995306,30.6405099993956],[-97.6610999927149,30.6406900016531],[-97.6611072915266,30.6409744033623],[-97.6609984022395,30.6409768402861],[-97.6607603073666,30.6410022212333],[-97.6603939142067,30.6411009648722],[-97.6601499596233,30.6411524516649],[-97.6598893781223,30.6411884273262],[-97.6597635744566,30.6411901261358],[-97.659565537259,30.641165057485],[-97.6590618833202,30.6410177385503],[-97.6586565095651,30.6408540851043],[-97.6582716371614,30.6407481007585],[-97.6581592139019,30.6407299965272],[-97.657942496238,30.6407223541663],[-97.6578407332859,30.640730644984],[-97.6577962127805,30.6407382116008],[-97.6573849092461,30.6409109413024],[-97.6573767184074,30.6409126779884],[-97.6573300033177,30.640840001475],[-97.6570700066199,30.6399500011366],[-97.6570600047776,30.6384700001239],[-97.6554299964232,30.635910000836],[-97.6554099981283,30.6358800010618],[-97.6553900007318,30.6358500012781],[-97.6554199936825,30.6358399979988],[-97.6560499947677,30.6356399986677],[-97.6612800025215,30.6339700011765],[-97.6614699997973,30.6339099980966],[-97.6625100054529,30.6336500023559],[-97.6635700049117,30.6334900040947],[-97.6646400008231,30.6334199979606],[-97.6668999985845,30.6333800031559],[-97.6669299996201,30.633380000064],[-97.6690100073379,30.633340002151],[-97.6690800049632,30.6371599983634]]]},"properties":{"OBJECTID":69,"GID":113,"SCHOOL_NM":"Southwestern University","GRID_OP":null,"CREATE_DT":null,"CREATE_NM":null,"EDIT_DT":null,"EDIT_NM":null}},{"type":"Feature","id":70,"geometry":{"type":"Polygon","coordinates":[[[-97.7602077340582,30.2296503294272],[-97.7598032110076,30.2303297697639],[-97.75889437196,30.2317499305341],[-97.7580938607524,30.2330385780614],[-97.7572659221826,30.2343160760264],[-97.7549161207405,30.2332953411227],[-97.7545904850433,30.2331237808627],[-97.753733503042,30.2327462201061],[-97.7528326042031,30.2323237840421],[-97.7518878172727,30.2318839404561],[-97.7516959649758,30.2317847807997],[-97.7510849210381,30.2314689664068],[-97.7474400975026,30.229829644113],[-97.7474500032252,30.2297899972853],[-97.7474800024641,30.2297000011546],[-97.747550004581,30.2295299978036],[-97.7475800056165,30.2294099974527],[-97.7475899966791,30.2292899985077],[-97.7475899966791,30.2291600016844],[-97.7475800011249,30.2289000020893],[-97.7475699956893,30.2288100012632],[-97.7475600046267,30.228720006564],[-97.7475299982013,30.2285399936337],[-97.7475199963589,30.228419998284],[-97.7475300035912,30.2283899939905],[-97.7475600019318,30.2283700022481],[-97.747590002069,30.2283600067635],[-97.7476299977604,30.2283499996354],[-97.7478399969244,30.2283400010441],[-97.7478900007463,30.2283199960967],[-97.7479399973818,30.2282999965784],[-97.7479499920377,30.2282799970561],[-97.7479699993157,30.2282399995516],[-97.7479699948241,30.2281899964387],[-97.7479599947783,30.2280899994507],[-97.7479699957224,30.2280199990149],[-97.747990004797,30.227989997704],[-97.7480600051172,30.2279000007021],[-97.7481500037323,30.227810000513],[-97.7482199977643,30.2277700004889],[-97.7484100058199,30.2276600044133],[-97.7486000021974,30.2275599991246],[-97.7487499974937,30.2274900029686],[-97.7488900071173,30.2274000062852],[-97.7489800012407,30.2273299975964],[-97.7490000031288,30.227309998653],[-97.7490100022763,30.2272800025587],[-97.7490100031746,30.2272299950768],[-97.7490000076204,30.2271199968449],[-97.7489999995356,30.2270500019279],[-97.7490000049255,30.2270400016521],[-97.7490100040729,30.2270100000422],[-97.7490499997643,30.2268999984595],[-97.7490900035405,30.2267899983061],[-97.7491700012115,30.2266100027995],[-97.7492600007249,30.2264400003157],[-97.7492799963248,30.2264199996389],[-97.7493100000553,30.2263899962875],[-97.7493299965535,30.2263799974969],[-97.7493600011823,30.226360001465],[-97.7493800030704,30.2263399999958],[-97.750235943026,30.2249677205937],[-97.752279959742,30.2258952435455],[-97.7531100021662,30.2262799986683],[-97.7533660606497,30.2264051722174],[-97.7546500038207,30.2270100000422],[-97.7586792515006,30.2288880103664],[-97.7602077340582,30.2296503294272]]]},"properties":{"OBJECTID":70,"GID":114,"SCHOOL_NM":"Saint Edward's University","GRID_OP":null,"CREATE_DT":null,"CREATE_NM":null,"EDIT_DT":null,"EDIT_NM":null}},{"type":"Feature","id":71,"geometry":{"type":"Polygon","coordinates":[[[-97.4418999979421,27.7787899978795],[-97.4397045126928,27.778826144021],[-97.4379646206162,27.7788524006138],[-97.4379646754134,27.7787612504064],[-97.4379649152636,27.77838045416],[-97.4379601721589,27.7777321343485],[-97.437966520553,27.7770882695014],[-97.4379637384706,27.7762360521062],[-97.4379629677161,27.7760029447033],[-97.4379344219513,27.7750559872392],[-97.4380916352108,27.774723028422],[-97.4383013828465,27.7743260593441],[-97.4387720093256,27.7737050780107],[-97.4390107168494,27.77350355238],[-97.4404439618172,27.7720862359598],[-97.4405200060026,27.7720115809038],[-97.4405200015111,27.7737800005552],[-97.4417999974847,27.7737899978542],[-97.4418999979421,27.7787899978795]]]},"properties":{"OBJECTID":71,"GID":115,"SCHOOL_NM":"Del Mar College - West Campus","GRID_OP":null,"CREATE_DT":null,"CREATE_NM":null,"EDIT_DT":null,"EDIT_NM":null}},{"type":"Feature","id":72,"geometry":{"type":"Polygon","coordinates":[[[-96.4995249919801,30.639811393251],[-96.4984385515092,30.640735056654],[-96.4935200022408,30.6446999992643],[-96.4918914500554,30.6460374865663],[-96.4911049480747,30.6461388651174],[-96.4807841911991,30.648000743009],[-96.4764602772414,30.6487978998087],[-96.4745224647482,30.6491499648184],[-96.4711668106993,30.6493994154582],[-96.4695365076975,30.6494463845479],[-96.4686331950855,30.6493604296125],[-96.4679708025478,30.6492845769578],[-96.4673009620781,30.6491456068572],[-96.4667609021158,30.648914763694],[-96.4661857350939,30.6486359976211],[-96.465674835344,30.6483349005485],[-96.4651571110929,30.6479470936062],[-96.46446669561,30.6472018461557],[-96.4629471476962,30.6454489478755],[-96.4619254730623,30.644256611138],[-96.4603498630883,30.6424553298358],[-96.4591124930732,30.6414003385161],[-96.4580286208857,30.6407417715431],[-96.4566658271923,30.6399944791272],[-96.459480883188,30.6375127658121],[-96.462584478053,30.6349419007282],[-96.4643790523776,30.6335292011694],[-96.465313567971,30.6327427314082],[-96.4658425687739,30.6322568916159],[-96.4680654813855,30.6302859228648],[-96.4689507791828,30.6295496659323],[-96.4718883384338,30.6273477203478],[-96.4721463678211,30.6270884544667],[-96.4722179240234,30.626977948437],[-96.472278050062,30.6268572432763],[-96.4734586294831,30.6228038368257],[-96.47706000061,30.6243600053945],[-96.4804500008454,30.622770001822],[-96.4803100011033,30.6191800020047],[-96.4858499994954,30.6191999973185],[-96.4870899997776,30.621139998551],[-96.490560000379,30.6223499950297],[-96.4881199964043,30.6247599977084],[-96.4914407257515,30.6279828794756],[-96.489002423186,30.6300540785153],[-96.4889145805276,30.6301616352174],[-96.4888882194656,30.6302173428728],[-96.4888778511106,30.6302786228801],[-96.4888887054541,30.6303421900829],[-96.4889235888332,30.6304039940881],[-96.4897809831612,30.631113339782],[-96.4909311743729,30.6321163325748],[-96.4985099567945,30.6385805610451],[-96.4986974244145,30.6387775801467],[-96.4995249919801,30.639811393251]]]},"properties":{"OBJECTID":72,"GID":116,"SCHOOL_NM":"Texas A&M University - Riverside Campus","GRID_OP":null,"CREATE_DT":null,"CREATE_NM":null,"EDIT_DT":null,"EDIT_NM":null}},{"type":"Feature","id":73,"geometry":{"type":"Polygon","coordinates":[[[-95.3525593735592,29.7196436456617],[-95.3505169163186,29.7247941532746],[-95.3500863888372,29.7258307868744],[-95.3499380410512,29.726209205362],[-95.3498658739945,29.7264205244373],[-95.349801992998,29.7267170398747],[-95.3497590705954,29.7269716843862],[-95.3475600028647,29.726329997733],[-95.3471832727908,29.727170350295],[-95.3462778266799,29.7268924758123],[-95.3458738668731,29.7278850790653],[-95.3458065489223,29.7278680622186],[-95.3439615791103,29.7272749717427],[-95.3417502853086,29.7265739441771],[-95.3411205627012,29.7280957806831],[-95.3408303161346,29.7287591017466],[-95.3406981110742,29.7290865778507],[-95.3405000190793,29.729533910769],[-95.3404114829216,29.7294657227914],[-95.3403028092301,29.7293105741418],[-95.3400653099403,29.7291328802044],[-95.3398608327204,29.7290039502976],[-95.3391574455647,29.7285604460042],[-95.3386647151398,29.7281678856238],[-95.3385662786493,29.7280596494045],[-95.3384986705427,29.7278848528397],[-95.3384622196034,29.7277201136654],[-95.3384626013874,29.7275968953262],[-95.3384847852833,29.7274848469646],[-95.3385230660909,29.7273732025657],[-95.33875827288,29.7269361284135],[-95.3391681301267,29.7261925369364],[-95.339286271163,29.7260512456481],[-95.3393041925529,29.7260298029679],[-95.3393716569291,29.725974445306],[-95.3395197855261,29.7258528911254],[-95.3391717997446,29.725755850034],[-95.3389800965681,29.725702390217],[-95.3386596504382,29.7256593713049],[-95.3382355566909,29.7256405387748],[-95.3380812063622,29.7256418126874],[-95.3377638180975,29.7256794231363],[-95.3377053970614,29.7256004725375],[-95.3375505391845,29.7250398828842],[-95.3375443965046,29.7250294613891],[-95.337340000133,29.7242800010103],[-95.3373013016089,29.7241417018997],[-95.337190356078,29.7237496196086],[-95.3373878938124,29.7231395986995],[-95.3375940248307,29.7225030137764],[-95.3379229474636,29.7217297575441],[-95.3381502957907,29.7211278815097],[-95.3383811358692,29.7206221680113],[-95.3390339676373,29.718992473027],[-95.339614621569,29.7175685711535],[-95.3367849895095,29.7167531178283],[-95.3372599988688,29.7158199986934],[-95.3386999973709,29.715609998433],[-95.3392825494427,29.7158070952617],[-95.3398867670826,29.7159173099725],[-95.340016832356,29.7159180292996],[-95.3401803850265,29.7158912503537],[-95.3512227810278,29.7192255736417],[-95.3525593735592,29.7196436456617]]]},"properties":{"OBJECTID":73,"GID":117,"SCHOOL_NM":"University of Houston","GRID_OP":null,"CREATE_DT":null,"CREATE_NM":null,"EDIT_DT":null,"EDIT_NM":null}},{"type":"Feature","id":74,"geometry":{"type":"Polygon","coordinates":[[[-94.3748300008825,32.5566699955916],[-94.3723899987044,32.5570499996103],[-94.3722199979268,32.556120005057],[-94.3721799977438,32.5558499997284],[-94.3721799995405,32.5558199979925],[-94.3721800058287,32.5557999953153],[-94.372119996571,32.5549800013459],[-94.374669998354,32.5549699984],[-94.3746700037439,32.5550599976155],[-94.3748500018723,32.5550599968584],[-94.3748300008825,32.5566699955916]]]},"properties":{"OBJECTID":74,"GID":53,"SCHOOL_NM":"East Texas Baptist University","GRID_OP":null,"CREATE_DT":null,"CREATE_NM":null,"EDIT_DT":null,"EDIT_NM":null}},{"type":"Feature","id":75,"geometry":{"type":"Polygon","coordinates":[[[-98.0034299955603,29.8965799965795],[-98.0071000051613,29.8989599983501],[-98.0052900013735,29.9008600000367],[-98.0017299985637,29.9015900075924],[-98.0011900014835,29.9016400038711],[-98.0002599972294,29.902369999482],[-97.9961000042516,29.9056599988564],[-97.9959499972772,29.9055699971758],[-97.9949299988997,29.9049300047698],[-97.9948000001017,29.9048499932626],[-97.9943200023976,29.9045900062313],[-97.9942199974486,29.9045300003224],[-97.9938800012832,29.9043900019684],[-97.9936600011752,29.9042900012438],[-97.9935000076298,29.9042200019228],[-97.990350002204,29.9030000017418],[-97.989989996964,29.9028600004591],[-97.9952299939838,29.898129998105],[-98.0002599990261,29.8970499952981],[-98.0032099963505,29.8964200044799],[-98.0034299955603,29.8965799965795]]]},"properties":{"OBJECTID":75,"GID":54,"SCHOOL_NM":"San Marcos Baptist Academy","GRID_OP":null,"CREATE_DT":null,"CREATE_NM":null,"EDIT_DT":null,"EDIT_NM":null}},{"type":"Feature","id":76,"geometry":{"type":"Polygon","coordinates":[[[-97.9405403959932,29.885540082467],[-97.9406407899127,29.8865830354229],[-97.9420200048094,29.8864000020513],[-97.9419399981553,29.8859500000981],[-97.9431299991071,29.8857600025752],[-97.9433200053661,29.8869599988068],[-97.9438499988073,29.886880002467],[-97.9444681070964,29.8867789584253],[-97.9445037908745,29.8869804256642],[-97.9445400028619,29.8871799936674],[-97.9445400010653,29.8872100010715],[-97.9445899994974,29.8874599980362],[-97.9445999977465,29.887500000265],[-97.9446200014312,29.8875500004973],[-97.9446399961328,29.8875900011323],[-97.9446600034108,29.8876300017513],[-97.9446999973056,29.8876700007966],[-97.9447300001377,29.8877100021623],[-97.9447700030157,29.8877400016184],[-97.9452999955586,29.8881299968414],[-97.9463900032395,29.8873599997928],[-97.9464500026156,29.8873299994435],[-97.946519994851,29.8872899979253],[-97.9465800041086,29.8872700033909],[-97.9466600008813,29.887250001843],[-97.9467300003032,29.8872300026275],[-97.9468000015217,29.8872299971756],[-97.9468799982943,29.8872300010698],[-97.9469500040044,29.8872300010698],[-97.9470300034721,29.8872500010641],[-97.9470999984024,29.8872700018333],[-97.9471700032142,29.8872999975275],[-97.9472199935614,29.8873199951713],[-97.9478499973415,29.8867999951592],[-97.9474100034137,29.8864000028301],[-97.947139997687,29.8866300017114],[-97.9468599937113,29.8863999965993],[-97.9479699969921,29.8853799970967],[-97.9476199998827,29.8850600008292],[-97.9479800015294,29.8847399996402],[-97.9485099994622,29.8851900008241],[-97.9489980316982,29.8847917007411],[-97.9492970125843,29.885038103084],[-97.9493802235291,29.885106667194],[-97.9494720870467,29.8851823788771],[-97.9496494270602,29.8852385161463],[-97.9496680482377,29.8852402428832],[-97.9499799927117,29.8857699984366],[-97.9500699967166,29.8859100019204],[-97.9501700007673,29.8860400023647],[-97.9501900026554,29.8860600018189],[-97.9502199983011,29.886049998198],[-97.9510599976519,29.8859200047765],[-97.9515499945034,29.8862799994444],[-97.9523976223476,29.8859542152688],[-97.9526014905098,29.8860505465124],[-97.9528476648303,29.886166875538],[-97.9529739769424,29.8863188346454],[-97.9532856168875,29.8866937607763],[-97.9534608862842,29.8869046296731],[-97.9536535362851,29.8871657244147],[-97.9542309203491,29.8880097626649],[-97.9542857831585,29.8881202839354],[-97.9543993526683,29.888363675633],[-97.9545381315999,29.8886610774147],[-97.954726821827,29.8891249801786],[-97.9548132532321,29.8893374514378],[-97.954882187252,29.8894743120103],[-97.9549769568196,29.8895957087681],[-97.9551030569293,29.8897572328711],[-97.9554127771746,29.890102215092],[-97.9555289311375,29.8902100385359],[-97.9549099972966,29.8907400036621],[-97.9542100003828,29.8913500047377],[-97.9537399964363,29.8909300010396],[-97.9535700001502,29.8910899980583],[-97.9530500031615,29.8906699987164],[-97.9532099994018,29.890520003418],[-97.9528500067382,29.8901999971691],[-97.9521900028209,29.8907999968475],[-97.9519299962416,29.8905800014087],[-97.9517899956013,29.890340001441],[-97.9505400060531,29.8892099989552],[-97.9504900004345,29.8891699966338],[-97.9504799976938,29.8891700028644],[-97.9504300064482,29.8891499970246],[-97.9503599998398,29.889139997608],[-97.9502899995196,29.889129999748],[-97.9502199983011,29.8891300020845],[-97.9501399970368,29.8891399999445],[-97.9500700048015,29.8891500024765],[-97.9500100018321,29.8891699981914],[-97.9499400078001,29.8891900016907],[-97.9498799967458,29.8892199975861],[-97.9498200000646,29.8892599998875],[-97.9497799998817,29.8892900004348],[-97.949050001034,29.8899599994018],[-97.9489500014749,29.8900400002794],[-97.9488399982768,29.8901199987564],[-97.9487199986262,29.8901799969878],[-97.9485900016248,29.89022999977],[-97.9484599956402,29.8902700032238],[-97.9483299995372,29.8902999949001],[-97.9482400000238,29.8903099980945],[-97.9475945748652,29.8903730476355],[-97.947277281822,29.8905340782643],[-97.9471482523062,29.890603042802],[-97.9470308847194,29.8906675415408],[-97.946864058588,29.8907592295851],[-97.9467675687467,29.8908122468828],[-97.9466034618156,29.8909024371276],[-97.9462731216412,29.8911850517547],[-97.9461671653535,29.8913208334689],[-97.9458036018866,29.8917910259915],[-97.9456095415307,29.8920247733028],[-97.9454354722832,29.8921310230323],[-97.944969996744,29.8922799995633],[-97.9448099960121,29.8923399957158],[-97.9446400033193,29.8923800029956],[-97.944499997289,29.8924100018251],[-97.9442400005913,29.8924300007801],[-97.9439699975596,29.8924300054529],[-97.9437000008161,29.8924100026039],[-97.9434399978302,29.8923599978001],[-97.9431899975849,29.892290006453],[-97.942950001877,29.892200006714],[-97.9429300044805,29.8921900021516],[-97.9416400048678,29.8916099936049],[-97.9413199980142,29.8915200010399],[-97.9412900068601,29.8915199963671],[-97.9412900059618,29.8915399962795],[-97.9412799978312,29.8919299999999],[-97.9413099952735,29.892109997548],[-97.9413099979684,29.8921400026891],[-97.9412800005262,29.8921399987951],[-97.939389998169,29.8922799987845],[-97.9393099960064,29.891690002504],[-97.9392500002235,29.8916900040616],[-97.9391900044406,29.8916800041209],[-97.9391300005729,29.8916700002852],[-97.9390700002985,29.8916499996201],[-97.9390199901883,29.8916299989509],[-97.9389599997953,29.8916000037808],[-97.9389299942682,29.8915899983794],[-97.9388900003734,29.8915500016859],[-97.9388699984853,29.8915600031972],[-97.9385899990011,29.8917800011459],[-97.9403100005807,29.8933500028892],[-97.9397599953699,29.8938100007593],[-97.9397399979733,29.893820001265],[-97.9397300015208,29.8938199958134],[-97.939720006865,29.8938299963182],[-97.9397000031803,29.8938400022735],[-97.9396899995412,29.8938399968219],[-97.9396699994498,29.8938400030523],[-97.9396599958108,29.8938399983795],[-97.939639994821,29.8938399983795],[-97.9396200001194,29.8938400038311],[-97.9396100027686,29.8938399983795],[-97.9395899990838,29.8938299986546],[-97.9395800026313,29.8938300041062],[-97.9395699962974,29.8938200036014],[-97.9395500033924,29.8938099992017],[-97.9385200031725,29.892979995003],[-97.9380400036718,29.892570005035],[-97.9378699948093,29.8927499990908],[-97.9366700009983,29.8919200008622],[-97.9364500017886,29.891639997339],[-97.9364299999005,29.8916099943837],[-97.9364099980123,29.8915799992075],[-97.9363999943733,29.8915499977918],[-97.9363899952259,29.8915200002611],[-97.9363799969768,29.8914899957121],[-97.9363500022295,29.891499994893],[-97.9360699973554,29.8915900022734],[-97.9359400012523,29.8917799988095],[-97.9348700008494,29.8912199979781],[-97.934820850427,29.8911149801433],[-97.9344188399643,29.8910144193666],[-97.9341637256101,29.8912079349086],[-97.9340069956442,29.8913562040984],[-97.9338718153636,29.8915718450414],[-97.9338071743924,29.8918110289648],[-97.9338177179188,29.8920565634991],[-97.9339026940532,29.8922908724862],[-97.9336679103705,29.8923882295246],[-97.9334068024568,29.89251425273],[-97.9330669877511,29.8927420436153],[-97.9327784964925,29.8930184187232],[-97.9325502767997,29.8933346753535],[-97.9322258026241,29.8938873156003],[-97.9321077271648,29.8938377803721],[-97.9319997209216,29.8938272417209],[-97.9316156695781,29.8942999067634],[-97.9313606261908,29.8945446322347],[-97.9310575166476,29.8946762919191],[-97.9309850729098,29.8945415832749],[-97.9307395031556,29.894475208602],[-97.9301545687516,29.8944758363066],[-97.929931726374,29.8945866891808],[-97.9298255805417,29.8947253158457],[-97.9297437700705,29.8948909662139],[-97.9296922813333,29.8950997750173],[-97.9296535621479,29.8952657705429],[-97.9295974057646,29.8953350635682],[-97.929443978904,29.8954097978986],[-97.9290963686182,29.8952696138399],[-97.9290168937668,29.8952102121056],[-97.9271479955305,29.8969568629705],[-97.923927253166,29.8947934005689],[-97.9247570377737,29.8940575186279],[-97.9254584594155,29.8934354502951],[-97.926148502996,29.8928170236553],[-97.9262478467849,29.8927199419534],[-97.9263188792694,29.8926430319638],[-97.9263617998753,29.8925699614219],[-97.9264384594067,29.8923733582213],[-97.9264462289356,29.8922811374002],[-97.9263499969108,29.8923100015381],[-97.925979997015,29.8923899997508],[-97.9259600023134,29.8923899981932],[-97.9259199958422,29.8924300015589],[-97.9242700026677,29.8939400010254],[-97.9223000008429,29.8921700054849],[-97.9282399965731,29.8868599953889],[-97.9282700003035,29.8868300018987],[-97.9301888260049,29.8884455711442],[-97.9326928106891,29.886102164375],[-97.9342422401626,29.8848243406495],[-97.935633848217,29.8863121824573],[-97.9356408236351,29.8861653668964],[-97.9356627748674,29.8857835466669],[-97.9366348400397,29.8856909334354],[-97.936713795665,29.8859193614409],[-97.9368027917602,29.8859884623555],[-97.9370090611191,29.8860103848153],[-97.9372688224583,29.8859456244828],[-97.9391241741,29.8857198321936],[-97.9405403959932,29.885540082467]]]},"properties":{"OBJECTID":76,"GID":55,"SCHOOL_NM":"Texas State University - San Marcos","GRID_OP":null,"CREATE_DT":null,"CREATE_NM":null,"EDIT_DT":null,"EDIT_NM":null}},{"type":"Feature","id":77,"geometry":{"type":"Polygon","coordinates":[[[-95.8550500003254,32.1962300061373],[-95.8558199984577,32.1961000001036],[-95.8558800032237,32.1960800035445],[-95.855989998337,32.1960399974901],[-95.8560800014436,32.1959900026304],[-95.8561599991146,32.1959099995469],[-95.8565399945647,32.1954700041363],[-95.8566399986153,32.1953500010797],[-95.856690004234,32.1953000005195],[-95.8567900055897,32.1952100011144],[-95.8569200034894,32.1951400052321],[-95.8585300036675,32.1943699998408],[-95.8579499983194,32.1935600013151],[-95.8578900052315,32.1934599982003],[-95.8578499960654,32.1933500036175],[-95.8578399978163,32.1932299985255],[-95.857860001501,32.1931100001169],[-95.8578700006485,32.1930700003589],[-95.8617400039779,32.1930600006067],[-95.8617800041608,32.1970499984568],[-95.8586799953705,32.1970300028667],[-95.8570099976129,32.1970099966297],[-95.855040001178,32.1969899979901],[-95.8550400038729,32.1969599985021],[-95.8550500003254,32.1962300061373]]]},"properties":{"OBJECTID":77,"GID":56,"SCHOOL_NM":"Trinity Valley Community College","GRID_OP":null,"CREATE_DT":null,"CREATE_NM":null,"EDIT_DT":null,"EDIT_NM":null}},{"type":"Feature","id":78,"geometry":{"type":"Polygon","coordinates":[[[-102.357889999336,33.5794800007168],[-102.357950002305,33.5722900037851],[-102.367770002309,33.572419998048],[-102.367740001274,33.5770599961322],[-102.367739999477,33.5770900004795],[-102.367729996736,33.5771199995775],[-102.367630003465,33.5773200030265],[-102.367569999598,33.5775200007733],[-102.367529999415,33.5777200017987],[-102.367510000222,33.5779299997196],[-102.367499997481,33.5793200008014],[-102.367499994786,33.579339995194],[-102.367510000222,33.5793699972519],[-102.367550000404,33.5795300023134],[-102.363879997092,33.5795300023134],[-102.357889999336,33.5794800007168]]]},"properties":{"OBJECTID":78,"GID":57,"SCHOOL_NM":"South Plains College","GRID_OP":null,"CREATE_DT":null,"CREATE_NM":null,"EDIT_DT":null,"EDIT_NM":null}},{"type":"Feature","id":79,"geometry":{"type":"Polygon","coordinates":[[[-95.4620899967512,31.3265600028915],[-95.4628200009888,31.3277199978182],[-95.4601799952009,31.3285299987323],[-95.4594499963532,31.3273800062236],[-95.4620899967512,31.3265600028915]]]},"properties":{"OBJECTID":79,"GID":58,"SCHOOL_NM":"Mary Allen College","GRID_OP":null,"CREATE_DT":null,"CREATE_NM":null,"EDIT_DT":null,"EDIT_NM":null}},{"type":"Feature","id":80,"geometry":{"type":"Polygon","coordinates":[[[-97.332690000543,32.4059500047621],[-97.3316100009927,32.4059600022894],[-97.3316200028351,32.4048600029499],[-97.3261800031038,32.404880002037],[-97.3265200010658,32.4041099964385],[-97.3264500052372,32.4003500004445],[-97.3258900017773,32.4003399985034],[-97.3258999991281,32.3999300036753],[-97.3251200027466,32.3999200032047],[-97.3251100000059,32.3986899967941],[-97.3247999976896,32.3986799984616],[-97.3247799975981,32.3980599950131],[-97.3253999995359,32.3980399974489],[-97.3253799931562,32.3975000046567],[-97.3250199915094,32.3975000008642],[-97.3250299924535,32.3967499984381],[-97.3253600002512,32.396750002989],[-97.3253999977392,32.3953199999928],[-97.3271799942034,32.3953399989178],[-97.3271700022425,32.3958400039784],[-97.3285099984905,32.3958500041424],[-97.3285300012769,32.3963200052913],[-97.3313900026813,32.3963699959738],[-97.3315999973537,32.3963799960791],[-97.3317899964262,32.396429996589],[-97.3320100019241,32.3965099988642],[-97.3321599972204,32.3966300013856],[-97.3317399970958,32.3976600011722],[-97.3315400024691,32.398040000483],[-97.3313299961186,32.3983600004186],[-97.3312300028477,32.3984800012398],[-97.3303400032682,32.3984600030102],[-97.3296500019086,32.399299999928],[-97.3324500021401,32.3993599978377],[-97.3326599977108,32.3993999999615],[-97.332769998214,32.3994999991259],[-97.3328100019903,32.3996499969061],[-97.332690000543,32.4059500047621]]]},"properties":{"OBJECTID":80,"GID":59,"SCHOOL_NM":"Southwestern Adventist University","GRID_OP":null,"CREATE_DT":null,"CREATE_NM":null,"EDIT_DT":null,"EDIT_NM":null}},{"type":"Feature","id":81,"geometry":{"type":"Polygon","coordinates":[[[-96.2850799902119,32.7346300015576],[-96.2851500049051,32.7346300015576],[-96.285210000688,32.7346199982817],[-96.2852700018608,32.7346000007943],[-96.2853299967453,32.7345899967594],[-96.2853899988164,32.7345600058062],[-96.2854399936552,32.7345300027524],[-96.2854699910975,32.7345100029779],[-96.2858799983629,32.7342299981072],[-96.2886800039843,32.7342400029382],[-96.288569994498,32.7363399996557],[-96.2854699946908,32.7362499975512],[-96.2848899947327,32.7362300042077],[-96.2849199975648,32.7359600025778],[-96.2842199988544,32.7358999981584],[-96.284289994683,32.7346199990373],[-96.2850799902119,32.7346300015576]]]},"properties":{"OBJECTID":81,"GID":60,"SCHOOL_NM":"Southwest Christian College","GRID_OP":null,"CREATE_DT":null,"CREATE_NM":null,"EDIT_DT":null,"EDIT_NM":null}},{"type":"Feature","id":82,"geometry":{"type":"Polygon","coordinates":[[[-99.1321599969698,30.0365299964852],[-99.1310600027179,30.0339200015615],[-99.1280599988765,30.0365199994426],[-99.1243000005418,30.0316899987677],[-99.1301000037164,30.026649998552],[-99.1304599981766,30.0269200020045],[-99.13130999398,30.0274599965925],[-99.1331100022137,30.028500002654],[-99.1333999999469,30.0286599930459],[-99.1334300000842,30.0286799972709],[-99.1334600002214,30.0287000007141],[-99.133840000163,30.0289400012757],[-99.1342300037436,30.0292500067148],[-99.1345899982038,30.0295899981934],[-99.1349000005202,30.0299600026235],[-99.1350599985571,30.0302200001598],[-99.1351599981162,30.0303600002258],[-99.1353700026701,30.0307800007929],[-99.1355399998544,30.0312199955154],[-99.135649998561,30.0316699959279],[-99.1357000032813,30.032120002852],[-99.1357000041796,30.0325799981746],[-99.1356399976169,30.0330400006947],[-99.1355300043003,30.0334899990652],[-99.1321599969698,30.0365299964852]]]},"properties":{"OBJECTID":82,"GID":61,"SCHOOL_NM":"Schreiner College","GRID_OP":null,"CREATE_DT":null,"CREATE_NM":null,"EDIT_DT":null,"EDIT_NM":null}},{"type":"Feature","id":83,"geometry":{"type":"Polygon","coordinates":[[[-95.5270599957016,33.6478699986696],[-95.5345000063781,33.6485600011986],[-95.5348399998485,33.6503499964743],[-95.5316500032229,33.6503299946189],[-95.5315899993551,33.6537199982217],[-95.5269399978477,33.6519099997563],[-95.5269200040444,33.6514000065972],[-95.5269200067393,33.6512900066502],[-95.5270500064357,33.6481799976289],[-95.5270599957016,33.6478699986696]]]},"properties":{"OBJECTID":83,"GID":62,"SCHOOL_NM":"Paris Junior College","GRID_OP":null,"CREATE_DT":null,"CREATE_NM":null,"EDIT_DT":null,"EDIT_NM":null}},{"type":"Feature","id":84,"geometry":{"type":"Polygon","coordinates":[[[-96.9160699992341,32.8482799979643],[-96.9160699965392,32.8482500030632],[-96.9160900011222,32.8443099969503],[-96.9317800028241,32.8442199983799],[-96.9318099975715,32.8442199991346],[-96.9318399995053,32.8442200006441],[-96.9322600068164,32.8442399976508],[-96.9326799961612,32.8442899999593],[-96.9330900016299,32.8443799992134],[-96.9334800061088,32.8445100051027],[-96.9338599952707,32.8446700008851],[-96.9342199978157,32.8448700014338],[-96.9345199973914,32.8450699992678],[-96.9345500011218,32.8450899975925],[-96.9345799922759,32.8451200033728],[-96.9349399957193,32.8453899960722],[-96.9349799994955,32.8454199987323],[-96.9349499939684,32.8454500028917],[-96.9348199933738,32.845600003914],[-96.9340899981194,32.8463400001653],[-96.933309996348,32.8469900035413],[-96.9332699970634,32.8470200041511],[-96.9332400014177,32.8470400020364],[-96.9305499980961,32.8490400040187],[-96.9305199943656,32.8490600014487],[-96.9304899978216,32.8490900051321],[-96.9302499958255,32.8492699953231],[-96.9293500024884,32.8500600030461],[-96.9285499997273,32.8509199970669],[-96.9278600001643,32.8518400018537],[-96.9273100003434,32.8528000015999],[-96.9272999993993,32.8528300025094],[-96.9272800002062,32.8528500036132],[-96.9266800019532,32.854059997861],[-96.9266600018617,32.8540899983445],[-96.9160699992341,32.8482799979643]]]},"properties":{"OBJECTID":84,"GID":63,"SCHOOL_NM":"University of Dallas","GRID_OP":null,"CREATE_DT":null,"CREATE_NM":null,"EDIT_DT":null,"EDIT_NM":null}},{"type":"Feature","id":85,"geometry":{"type":"Polygon","coordinates":[[[-96.7248000001686,32.9254699979756],[-96.724799998372,32.9248600013538],[-96.724810002011,32.9233099989671],[-96.7224000035634,32.9232899956648],[-96.722459998448,32.9169999958869],[-96.7291799977461,32.9170399977895],[-96.7291600048411,32.9192200002373],[-96.7353699955182,32.9192500027986],[-96.7353699991115,32.9227799966454],[-96.7353699991115,32.9228100010159],[-96.7353699991115,32.922840000852],[-96.7353699973148,32.922960004619],[-96.7354100028877,32.9232000003539],[-96.7354699995689,32.9234299998345],[-96.7355599963873,32.9236600024874],[-96.7355900001178,32.9237199993109],[-96.7356600022346,32.9238499966877],[-96.7356799987329,32.9238800006954],[-96.7356899960837,32.9239000023561],[-96.7357900028293,32.924060001153],[-96.7358099984292,32.9240900013193],[-96.7357799973936,32.9241099953922],[-96.735280002293,32.9244000009345],[-96.7349200015446,32.9245999973126],[-96.7342000009461,32.9250100029897],[-96.7341699972156,32.925030003641],[-96.7341299943377,32.9250499952394],[-96.7339600007466,32.9251400029953],[-96.7336599975776,32.9252700065801],[-96.7333500024478,32.9253700027113],[-96.7330300018824,32.9254399997852],[-96.7326999985762,32.9254800054131],[-96.7324000025938,32.9254900030471],[-96.7323700015583,32.9255000059581],[-96.7323399951328,32.925500001434],[-96.7248000001686,32.9254699979756]]]},"properties":{"OBJECTID":85,"GID":64,"SCHOOL_NM":"Richland College","GRID_OP":null,"CREATE_DT":null,"CREATE_NM":null,"EDIT_DT":null,"EDIT_NM":null}},{"type":"Feature","id":86,"geometry":{"type":"Polygon","coordinates":[[[-96.9705899970957,32.8754400055337],[-96.9626600021441,32.8754599932401],[-96.9625099978647,32.8752699970566],[-96.9624100010006,32.8751600021376],[-96.9622300037705,32.8749999949498],[-96.9620199965216,32.8748500059145],[-96.9618000027018,32.8747200037441],[-96.9617600043155,32.8746899996761],[-96.9617300014833,32.8746799985693],[-96.9616899986054,32.8746599963523],[-96.9615999999903,32.8746199994494],[-96.9616400028683,32.8732800014838],[-96.9616599975699,32.8723699978604],[-96.9616799940681,32.8718199993831],[-96.9616899959105,32.8712899997212],[-96.9618500047272,32.865579996595],[-96.9702099980524,32.8656399973051],[-96.97074000407,32.8656500009407],[-96.9727100049965,32.8656600008025],[-96.9726900067017,32.8670700024679],[-96.9726799994694,32.8675499966836],[-96.9726799985711,32.8676000039642],[-96.9726700030169,32.8676099998335],[-96.9726399956932,32.8676399972434],[-96.9726099946576,32.867659998026],[-96.9711400005099,32.8690400049178],[-96.9711100066608,32.8690600061391],[-96.9710799984388,32.8690899970224],[-96.9709700015289,32.8692099959158],[-96.9708400009342,32.8693699992177],[-96.9707400022734,32.8695400001461],[-96.9706499973701,32.8697200031705],[-96.9705899997906,32.8699100029485],[-96.9705599996534,32.8701000000559],[-96.9705499996077,32.8702400030646],[-96.970550000506,32.8702700010937],[-96.9705499951161,32.8702999998672],[-96.9705199994704,32.871950001279],[-96.9705200003688,32.8719799949572],[-96.970520006657,32.8720099991879],[-96.970520003962,32.8747900001196],[-96.9705200012671,32.8748099977804],[-96.9705200021654,32.8748400010534],[-96.9705399995619,32.8751599968564],[-96.9705899970957,32.8754400055337]]]},"properties":{"OBJECTID":86,"GID":65,"SCHOOL_NM":"North Lake College","GRID_OP":null,"CREATE_DT":null,"CREATE_NM":null,"EDIT_DT":null,"EDIT_NM":null}},{"type":"Feature","id":87,"geometry":{"type":"Polygon","coordinates":[[[-96.8528700029903,32.9314099964849],[-96.8468699989008,32.931939996873],[-96.8468400023568,32.9319499998087],[-96.8468000057671,32.9319499967929],[-96.8467800020824,32.9319499975469],[-96.8467400001028,32.9319499998087],[-96.8466899971791,32.9319400013968],[-96.8466499987928,32.9319299977059],[-96.8466000003607,32.9319099978605],[-96.846560001076,32.9318999941662],[-96.8465199937065,32.9318699974021],[-96.8464900052474,32.9318500020669],[-96.8464600015169,32.931820000008],[-96.8464299968881,32.9317899979389],[-96.8456000011763,32.930990000082],[-96.8455699983441,32.9309599977314],[-96.8455399946136,32.9309300006485],[-96.8455100052562,32.9309100051008],[-96.8454700032766,32.9308899997469],[-96.845429998602,32.9308599966085],[-96.8453800064582,32.9308399972751],[-96.8453299990429,32.9308299979837],[-96.8452800042041,32.9308199986911],[-96.8452200012347,32.9308099948736],[-96.844459994165,32.9307700059815],[-96.8444200011685,32.9307600014043],[-96.8444200083551,32.9307400035562],[-96.844440003955,32.9275699968309],[-96.8444400030567,32.9275500050478],[-96.8444400066499,32.9275200015306],[-96.8444399985651,32.9274999976721],[-96.8444500013058,32.9273900050219],[-96.8444800005447,32.9272800009247],[-96.8445200007277,32.9271700004609],[-96.8445700054479,32.9270700018399],[-96.8446400039715,32.9269799990634],[-96.8447099998001,32.9268799941955],[-96.8447999984152,32.92680000153],[-96.8449000033642,32.926729998746],[-96.8450000002284,32.9266600011846],[-96.84509000064,32.9266200028764],[-96.8451199980823,32.9265999988144],[-96.8451500054061,32.9265900020598],[-96.8472800016746,32.9256600026158],[-96.8473099991169,32.9256399983367],[-96.8473399992541,32.9256300052439],[-96.8474300077506,32.9256000071077],[-96.8476400042196,32.9255300011121],[-96.8478499961971,32.925480002397],[-96.8480799972492,32.9254499989318],[-96.8482700017115,32.9254399960151],[-96.8482999991538,32.9254399982772],[-96.8483299965961,32.9254399967691],[-96.8508100052454,32.9254400035553],[-96.8508399981961,32.9254399997852],[-96.8508800037689,32.9254399960151],[-96.8511199949853,32.9254299998834],[-96.8514799957337,32.9253900047893],[-96.8518300018263,32.9253200008897],[-96.8521800007323,32.9252200024398],[-96.8524699948724,32.9251000009838],[-96.8525100031402,32.9250899957655],[-96.8525400032774,32.9250700004059],[-96.8533099978165,32.9247199986927],[-96.8533400033436,32.9247099994636],[-96.8533699998875,32.924689999494],[-96.8535900062838,32.9246000018369],[-96.8539199988101,32.9245000010652],[-96.8542600057553,32.9244200009697],[-96.8546099992714,32.9243800031569],[-96.8549299998369,32.9243600000966],[-96.8549599981775,32.9243599970804],[-96.8550000028521,32.9243599978345],[-96.8558500022486,32.9243600000966],[-96.8558099993707,32.9300800056844],[-96.8557300016997,32.9301600029241],[-96.8556100020491,32.9302899968706],[-96.8555000069358,32.9304300020275],[-96.8554299958358,32.9305300013746],[-96.8552899969921,32.9306600015632],[-96.8551400043908,32.9307799977398],[-96.8550300065825,32.9308599996244],[-96.8548699941725,32.9309599999933],[-96.854799992954,32.9310000023712],[-96.8547299989221,32.9310299979224],[-96.8545799982359,32.9310800010409],[-96.8544799932869,32.9310999988121],[-96.8544000028024,32.9310999980581],[-96.85431999525,32.9310899942722],[-96.8541599981113,32.9310400062389],[-96.8540499994048,32.9310200016684],[-96.8539899928421,32.9310200031764],[-96.8539199952169,32.9310300009383],[-96.8536299983819,32.9311200026105],[-96.8533500033893,32.931229998917],[-96.8531399952422,32.9313099988866],[-96.8529300005698,32.9313900040617],[-96.8529000049241,32.9314000032898],[-96.8528700029903,32.9314099964849]]]},"properties":{"OBJECTID":87,"GID":66,"SCHOOL_NM":"Brookhaven Junior College","GRID_OP":null,"CREATE_DT":null,"CREATE_NM":null,"EDIT_DT":null,"EDIT_NM":null}},{"type":"Feature","id":88,"geometry":{"type":"Polygon","coordinates":[[[-96.9496800002621,32.7161799959539],[-96.9494399955711,32.7160699960381],[-96.9491699979293,32.7158899969139],[-96.9485299932051,32.7154899978115],[-96.9481600013941,32.7153699999228],[-96.9477299967322,32.7151900008977],[-96.9465300002262,32.7152499988495],[-96.9464899955516,32.7148200053297],[-96.9467500003342,32.7141299974225],[-96.9461200037406,32.7140399948145],[-96.9457200010126,32.7140700009847],[-96.9457600020939,32.7133899952022],[-96.9451800021358,32.7124599992416],[-96.9447800047976,32.7123800029885],[-96.9438799988841,32.7115999983472],[-96.9435300035713,32.7108199997351],[-96.9435800002068,32.7102799989685],[-96.9429299981318,32.7094000018855],[-96.9427199989678,32.7082399980686],[-96.9427599991508,32.707930002249],[-96.9421999965892,32.7069299992002],[-96.942169996452,32.7063400016156],[-96.9421599973046,32.7056399986908],[-96.9496600028656,32.7058199965767],[-96.949710002196,32.7058199988443],[-96.9497599961365,32.705820001112],[-96.9498100017551,32.7058199996002],[-96.9498599912041,32.7058299985483],[-96.9498999949803,32.7058299985483],[-96.9499500032938,32.7058399974952],[-96.9500000035225,32.7058400012746],[-96.9500499983614,32.7058500009764],[-96.9500999940985,32.7058600006769],[-96.9501499997171,32.7058599976533],[-96.9501900061883,32.7058700049117],[-96.9502400019254,32.7058800053659],[-96.9502899985609,32.7058899997719],[-96.9503299969472,32.7059000017356],[-96.9503799989726,32.7059100067218],[-96.9504299974047,32.7059299932582],[-96.9504699966893,32.7059399997529],[-96.9505199987146,32.7059500001992],[-96.9505700034349,32.7059700018445],[-96.9506099973297,32.7059800045552],[-96.9506600002534,32.7060000009025],[-96.9506999950464,32.7060100028539],[-96.9507499988684,32.7060300044857],[-96.9507900026446,32.70604999931],[-96.950829998336,32.7060699979093],[-96.9508799994631,32.7060799975852],[-96.9509200086292,32.7060999969337],[-96.9509599980324,32.7061199955218],[-96.9510100018544,32.7061399978848],[-96.951050001139,32.7061699953738],[-96.9510899968304,32.7061899992375],[-96.9511300050982,32.7062099993171],[-96.9511700070778,32.7062300024159],[-96.9512100000743,32.7062599983629],[-96.9512499957657,32.7062800037182],[-96.9512900067284,32.7063099943571],[-96.9513000022826,32.7063099981366],[-96.9524400048023,32.7070599996937],[-96.9523700026855,32.7071499942261],[-96.9523099979195,32.707240000762],[-96.9522500021366,32.7073400006947],[-96.9521999992129,32.70742999948],[-96.9521399971418,32.7075299991997],[-96.9520899996081,32.7076199932582],[-96.9520400002776,32.7077199995678],[-96.9519899964557,32.7078100040168],[-96.9519400025152,32.7079100002872],[-96.9518999987389,32.708009998713],[-96.9518500039001,32.7081100008062],[-96.9518099992256,32.7082099990079],[-96.9517700071275,32.7083100023886],[-96.9517399989054,32.7084099988544],[-96.9516999942308,32.7085100027668],[-96.9516699985852,32.7086099990085],[-96.9516400047362,32.7087199967857],[-96.9516100028023,32.7088199973271],[-96.9515799954785,32.7089199992683],[-96.951559998082,32.7090299996867],[-96.9515399979905,32.7091300029042],[-96.951519997899,32.7092300022302],[-96.9515000014008,32.7093400015106],[-96.9514799950211,32.7094399945544],[-96.9514700012636,32.709549998111],[-96.9514599967263,32.709650003769],[-96.9514499975788,32.7097600025315],[-96.951440000228,32.7098600026631],[-96.9514399966348,32.7099700026784],[-96.951429999284,32.7100699995512],[-96.9514299947924,32.7101799993076],[-96.9514300019789,32.7102100014852],[-96.951469999467,32.7133199994033],[-96.951469999467,32.7133700005112],[-96.951469999467,32.7134199955444],[-96.9514700048568,32.7134699973519],[-96.9514700048568,32.7135199991315],[-96.9514600012178,32.7135699978598],[-96.9514599994212,32.71361000302],[-96.9514500011721,32.7136599956511],[-96.9514500011721,32.7137099973242],[-96.9514399984314,32.7137599967018],[-96.9514299938941,32.7138099960513],[-96.9514199902551,32.7138600044427],[-96.9514099973959,32.7139000026705],[-96.951400005435,32.7139500004298],[-96.9513799999536,32.7139999974054],[-96.9513700017045,32.7140499958646],[-96.951349998918,32.7140900053445],[-96.9513400015672,32.7141399999741],[-96.9513199951875,32.7141900021339],[-96.9512999995876,32.7142399982191],[-96.9512900013385,32.7142799955206],[-96.9512700066369,32.7143300021369],[-96.951249996664,32.714369995619],[-96.9512199992217,32.714420005208],[-96.9512000018252,32.7144600054521],[-96.9511800008354,32.7145099960952],[-96.9511500006981,32.7145500031013],[-96.9511299997083,32.7146000004964],[-96.9510999986728,32.7146400021713],[-96.9510699985356,32.7146800045842],[-96.951050003834,32.7147299943483],[-96.9510200036967,32.7147700020114],[-96.9509900026612,32.7148099990753],[-96.950960002524,32.7148499961212],[-96.9509300077766,32.7148899984399],[-96.9508899977122,32.7149300022522],[-96.9508599966767,32.7149699984885],[-96.9508299965394,32.7150099962184],[-96.9507899990514,32.7150500007328],[-96.9507599980158,32.7150900029618],[-96.9507199996295,32.7151299968589],[-96.9506999977414,32.7151500024926],[-96.9496800002621,32.7161799959539]]]},"properties":{"OBJECTID":88,"GID":67,"SCHOOL_NM":"Dallas Baptist College","GRID_OP":null,"CREATE_DT":null,"CREATE_NM":null,"EDIT_DT":null,"EDIT_NM":null}},{"type":"Feature","id":89,"geometry":{"type":"Polygon","coordinates":[[[-96.7707299937714,32.6251800015145],[-96.7707399992071,32.6252099966857],[-96.7708600015526,32.6254799981673],[-96.7708699935135,32.6254999951343],[-96.7708899954016,32.6255400049429],[-96.7712299987535,32.6263000010365],[-96.7711899967739,32.6263000025496],[-96.7710699998183,32.6263200008466],[-96.7708899962999,32.6263300011282],[-96.7708299942288,32.6263300011282],[-96.7707099927816,32.6263299973454],[-96.7705899976226,32.6263200046294],[-96.7703199990825,32.6262799997089],[-96.770050005034,32.6262199994819],[-96.7697900038446,32.6261799998127],[-96.7695399937179,32.6261400008821],[-96.769469996991,32.6261400046649],[-96.769409992225,32.6261400046649],[-96.76929999801,32.6261700002709],[-96.7692300048763,32.626199998893],[-96.7691200079664,32.6262599991334],[-96.7690099993784,32.6263300018848],[-96.7689399981599,32.626380001763],[-96.7688699996363,32.6264600009049],[-96.7688200003059,32.6265599989752],[-96.7687999975195,32.6266000045271],[-96.7687999975195,32.6266799959067],[-96.7688099993618,32.6268000009996],[-96.7688000011127,32.626860005377],[-96.768779997428,32.6268799990095],[-96.7687600054213,32.6269099966371],[-96.7687200043401,32.6269499959801],[-96.7686300075216,32.6270099972308],[-96.7685600000149,32.6270400008673],[-96.7684399976693,32.6270800031784],[-96.7683300007594,32.6271000035707],[-96.7680000010466,32.6271299965852],[-96.7678300020656,32.6271300011245],[-96.7676600048812,32.6271399967763],[-96.7673399944343,32.6271300018811],[-96.7670199974621,32.6271199963929],[-96.7667399997745,32.627100001301],[-96.7666700030476,32.6271100022521],[-96.7665699980986,32.6271199933667],[-96.7665099960275,32.627139999046],[-96.7664600011887,32.6271599948856],[-96.7663799963312,32.6272100033788],[-96.7663100031975,32.6272600020089],[-96.7662699949297,32.6273099983414],[-96.7662000008977,32.627399995301],[-96.7660299956285,32.627699997374],[-96.7659099968762,32.6278899973346],[-96.765799999068,32.6280799961352],[-96.765709997758,32.6282299935097],[-96.7656000053396,32.6284700001343],[-96.765529995138,32.6285900013139],[-96.7654600029026,32.628710001576],[-96.7654199973298,32.6287500001145],[-96.7653800052316,32.6287900024179],[-96.7653000003741,32.6288499978957],[-96.7652300027489,32.6288800001587],[-96.7651199977541,32.6289200054301],[-96.7650099981493,32.6289499970782],[-96.764849999214,32.6289700000787],[-96.764720000416,32.6289699993222],[-96.7645300022418,32.628969996296],[-96.7643500032151,32.6289499978347],[-96.7642600001084,32.6289399986024],[-96.7641399995595,32.6289100039249],[-96.7640199963157,32.6288700009186],[-96.7640000007157,32.6288599948684],[-96.7639899988734,32.628849995626],[-96.7639799934377,32.6288099971322],[-96.7639899961784,32.6287700046729],[-96.7640199963157,32.6286199998814],[-96.7640200061971,32.628589996018],[-96.7640200035022,32.6285699944456],[-96.7640100007615,32.6285500019473],[-96.7639800033192,32.6285400004006],[-96.7639200057397,32.62855000573],[-96.7638200061806,32.6285699989849],[-96.7637199994349,32.6285899975312],[-96.7635800023878,32.6286099968295],[-96.7634799938455,32.6286200013945],[-96.7634299963118,32.628620000638],[-96.7634299990067,32.6286499999519],[-96.7634100016102,32.6287500001145],[-96.7633799978797,32.6288800039414],[-96.7633499995391,32.6289899992921],[-96.7633200056901,32.6290699968576],[-96.7632599919409,32.6291899979891],[-96.7632199998428,32.6292500037903],[-96.7631700005124,32.6293000020372],[-96.7631100065261,32.6293500002563],[-96.7630700036482,32.6293700024109],[-96.7630399963244,32.6293900038045],[-96.7630299998719,32.6293700069501],[-96.7629800077281,32.6291499996472],[-96.7629099957298,32.6289000024184],[-96.7628500026418,32.6287499970883],[-96.7627599941453,32.6285999952895],[-96.7626900037066,32.6284999987421],[-96.7625799969152,32.6283699966327],[-96.7624600008579,32.6282399935779],[-96.7622100033076,32.6279899991029],[-96.7620399962417,32.6278300027263],[-96.7617800031372,32.6276099946637],[-96.7614999982632,32.6274100000013],[-96.7613099946991,32.6272899995091],[-96.7611200037115,32.6271800013125],[-96.7609899977269,32.6271199971495],[-96.7608000049427,32.6270499965291],[-96.7606900017445,32.627019999705],[-96.7604999972822,32.626980004176],[-96.7603000017572,32.6269600014872],[-96.7601699993659,32.6269499982498],[-96.7600000003849,32.6269600060266],[-96.7597599983888,32.6269799996367],[-96.7596299977941,32.6270099987439],[-96.7590599960851,32.6271299973417],[-96.7584899979693,32.6272499995615],[-96.758030001255,32.6273599984287],[-96.7576099984355,32.6274599992762],[-96.7575700018458,32.6274700062394],[-96.7575600009018,32.6274400035037],[-96.756600003697,32.6259799981719],[-96.7527799987996,32.6260000010798],[-96.7528399990741,32.6251799984882],[-96.7528500063064,32.625150001794],[-96.7531200048465,32.6212199968594],[-96.7532799992902,32.6198200013087],[-96.7533300067054,32.6196000045786],[-96.7533500032036,32.619470000135],[-96.7533799916627,32.6193299989797],[-96.7533999998391,32.6191999949006],[-96.7534099944949,32.6190699989556],[-96.7534300017729,32.6189399952555],[-96.7534399964288,32.6188000008377],[-96.7534500054577,32.6186700005287],[-96.7534600055034,32.6185400038141],[-96.7651899962777,32.6186400001396],[-96.7672699977073,32.6186400008962],[-96.7672899986972,32.6186899990171],[-96.7675000005561,32.6190999946609],[-96.7677199979691,32.6195100020462],[-96.769509994479,32.6227500036749],[-96.7697900002514,32.6232799935631],[-96.7701100008168,32.6238999966806],[-96.7704200040315,32.6245199985299],[-96.7707200000139,32.6251500010374],[-96.7706899989783,32.6251500040637],[-96.7707299937714,32.6251800015145]]]},"properties":{"OBJECTID":89,"GID":68,"SCHOOL_NM":"Cedar Valley College","GRID_OP":null,"CREATE_DT":null,"CREATE_NM":null,"EDIT_DT":null,"EDIT_NM":null}},{"type":"Feature","id":90,"geometry":{"type":"Polygon","coordinates":[[[-96.786870001125,32.8467199991061],[-96.782760002986,32.846709992581],[-96.7827600011893,32.8456399980558],[-96.7820900053111,32.8456399965464],[-96.7815600001918,32.8456499986639],[-96.7815599983951,32.8456199983457],[-96.7815399974053,32.8438000058575],[-96.7807600001256,32.8438000028386],[-96.7807499973849,32.8426199990873],[-96.7792999943455,32.8426299977716],[-96.7793400026133,32.8382999934707],[-96.7815599957002,32.8382900003369],[-96.7815799975883,32.8376500011768],[-96.7808000012069,32.8376299981567],[-96.7793400035116,32.8376099951322],[-96.7793500035573,32.8367199971222],[-96.7793499990658,32.8365600058795],[-96.7808399968983,32.8365600036151],[-96.7862799966295,32.836569999208],[-96.7868900066064,32.8365700029819],[-96.7868899967249,32.836690006617],[-96.7868800002724,32.8386899957708],[-96.786870001125,32.8467199991061]]]},"properties":{"OBJECTID":90,"GID":69,"SCHOOL_NM":"Southern Methodist University","GRID_OP":null,"CREATE_DT":null,"CREATE_NM":null,"EDIT_DT":null,"EDIT_NM":null}},{"type":"Feature","id":91,"geometry":{"type":"Polygon","coordinates":[[[-96.6618898444529,32.8071079539274],[-96.6651300003091,32.8070799988095],[-96.6650899992278,32.8153300011309],[-96.6622604031009,32.8153165952412],[-96.6622549197844,32.8185855649761],[-96.6616700886866,32.8185851950575],[-96.661690159745,32.8212459948743],[-96.6583432472022,32.8212222566215],[-96.6583395111089,32.8214586106745],[-96.6575376694964,32.8214669796232],[-96.6575253940181,32.8210393054037],[-96.6574494450541,32.8207371531467],[-96.6573248451309,32.8205442510941],[-96.656976764128,32.8202174361174],[-96.6568536751711,32.8200300582228],[-96.656785011544,32.8197692309599],[-96.6567865198154,32.8172290359035],[-96.6568218388774,32.8147072309852],[-96.6567817344899,32.8122502768424],[-96.6567195414278,32.811992290425],[-96.6565814497074,32.8115875118899],[-96.6564389607337,32.8113558382304],[-96.6562610511883,32.811144261292],[-96.6560205425423,32.8109290258701],[-96.6551495360428,32.8101653383313],[-96.6554087664776,32.8100553442436],[-96.655931221257,32.8098624038992],[-96.6562165567339,32.809760782508],[-96.6618898444529,32.8071079539274]]]},"properties":{"OBJECTID":91,"GID":70,"SCHOOL_NM":"Eastfield College","GRID_OP":null,"CREATE_DT":null,"CREATE_NM":null,"EDIT_DT":null,"EDIT_NM":null}},{"type":"Feature","id":92,"geometry":{"type":"Polygon","coordinates":[[[-100.904019998255,34.9468500014936],[-100.903289994915,34.9464499971339],[-100.902980003379,34.9462699991007],[-100.902690002951,34.9460799937937],[-100.902429999965,34.9458699970658],[-100.900790005938,34.9444900075021],[-100.900770000456,34.94268000104],[-100.90457000077,34.9426399968902],[-100.904570005262,34.9424500008444],[-100.90520999741,34.9424200031725],[-100.90527999773,34.9426299991634],[-100.905890004114,34.9426199970171],[-100.905960001739,34.9437899961161],[-100.909639996114,34.9436699992237],[-100.909659998901,34.946770003134],[-100.904019998255,34.9468500014936]]]},"properties":{"OBJECTID":92,"GID":71,"SCHOOL_NM":"Clarendon College","GRID_OP":null,"CREATE_DT":null,"CREATE_NM":null,"EDIT_DT":null,"EDIT_NM":null}},{"type":"Feature","id":93,"geometry":{"type":"Polygon","coordinates":[[[-102.388789996053,31.8665400047471],[-102.380370002453,31.8683500041064],[-102.379290001106,31.8649300008467],[-102.382013095668,31.8636862327215],[-102.383688821084,31.8642198661589],[-102.384765888533,31.8639671150563],[-102.385528378546,31.8637293497826],[-102.388190000495,31.864590002203],[-102.388789996053,31.8665400047471]]]},"properties":{"OBJECTID":93,"GID":72,"SCHOOL_NM":"Odessa College","GRID_OP":null,"CREATE_DT":null,"CREATE_NM":null,"EDIT_DT":null,"EDIT_NM":null}},{"type":"Feature","id":94,"geometry":{"type":"Polygon","coordinates":[[[-96.8556199993999,32.4039100044196],[-96.8545599927545,32.406139998547],[-96.854199994701,32.4067700015827],[-96.8548600013133,32.4069900018115],[-96.85505999594,32.4064999990866],[-96.8561499973327,32.4082799978437],[-96.8561299990378,32.4083199990486],[-96.8561000006972,32.40844999905],[-96.85607000056,32.4085699985934],[-96.85607000056,32.4087000035435],[-96.8560800015041,32.4088300029976],[-96.8561000042905,32.4089600030228],[-96.8562599969375,32.4095500009006],[-96.8562800015206,32.4096700012567],[-96.8562900015663,32.4098100055151],[-96.8562899997697,32.4099499981806],[-96.8562699996782,32.4100899974543],[-96.8562300021902,32.4102299949941],[-96.8561699992208,32.410370004451],[-96.8561000051888,32.4104899976497],[-96.8560099975906,32.4106199975589],[-96.8559099971332,32.4107300017695],[-96.8557899992792,32.4108299974835],[-96.8556699969337,32.4109299991537],[-96.8555299980899,32.4110100060221],[-96.8553700009513,32.4110899984103],[-96.8531399979371,32.4077200011076],[-96.8509999944364,32.4086599979567],[-96.8492600017485,32.4060400021873],[-96.8510500063432,32.4051499964857],[-96.8521799926475,32.4027399979755],[-96.8556199993999,32.4039100044196]]]},"properties":{"OBJECTID":94,"GID":73,"SCHOOL_NM":"Southwestern Assemblies of God University","GRID_OP":null,"CREATE_DT":null,"CREATE_NM":null,"EDIT_DT":null,"EDIT_NM":null}},{"type":"Feature","id":95,"geometry":{"type":"Polygon","coordinates":[[[-94.9911999969277,29.3958700004394],[-94.99242000161,29.3949500008193],[-94.9906400042476,29.3930999974711],[-94.9909500002757,29.3926399939999],[-94.9911499984956,29.3926899987146],[-94.9912900009326,29.3927000021592],[-95.0015500011524,29.3926799999652],[-95.0015499975591,29.3928500044011],[-95.0015699985489,29.3928799951177],[-95.001600004076,29.3929299981491],[-95.001749995779,29.3930999982538],[-95.0020600043836,29.393420003389],[-95.0028500035057,29.3942600022953],[-95.002919998436,29.3943399941517],[-95.0030500026239,29.3945099989438],[-95.0031600004321,29.3946899957432],[-95.0032499999455,29.3948800009328],[-95.0033099993216,29.3950800003687],[-95.0033499995046,29.395280000194],[-95.003360001347,29.3954599995439],[-95.0033600040419,29.3954900004481],[-95.003360001347,29.3976700028142],[-94.9974300020693,29.3975600023352],[-94.9973999938472,29.3975600046831],[-94.9969100068772,29.397539998749],[-94.9967399953198,29.397529998911],[-94.9964000000527,29.3974999978259],[-94.9958900031097,29.3974400058036],[-94.9953799953869,29.3973500000942],[-94.994879999388,29.3972400023996],[-94.9943800024907,29.3971099970021],[-94.9943200022163,29.3971000018177],[-94.9942899975875,29.3970899964579],[-94.9942600037385,29.3970799997063],[-94.9935000038553,29.3968600012662],[-94.991950002155,29.3963999991477],[-94.9919200029161,29.3963900031109],[-94.9915299975389,29.3962900027736],[-94.9911000000635,29.3962000007423],[-94.9907799950065,29.3961499969706],[-94.9911999969277,29.3958700004394]]]},"properties":{"OBJECTID":95,"GID":74,"SCHOOL_NM":"College of the Mainland","GRID_OP":null,"CREATE_DT":null,"CREATE_NM":null,"EDIT_DT":null,"EDIT_NM":null}},{"type":"Feature","id":96,"geometry":{"type":"Polygon","coordinates":[[[-95.0309300007975,29.3925399978021],[-95.0307399963351,29.3747099972011],[-95.030989998377,29.3747200016307],[-95.0355999961082,29.37475000004],[-95.0458500016721,29.3747799976576],[-95.0506699958724,29.3765500027078],[-95.0506599985216,29.3925499981307],[-95.0309300007975,29.3925399978021]]]},"properties":{"OBJECTID":96,"GID":75,"SCHOOL_NM":"University of Houston Research Center","GRID_OP":null,"CREATE_DT":null,"CREATE_NM":null,"EDIT_DT":null,"EDIT_NM":null}},{"type":"Feature","id":97,"geometry":{"type":"Polygon","coordinates":[[[-96.6305300001424,33.7024900014418],[-96.6310999991565,33.7027399989828],[-96.6370799968663,33.7055599998298],[-96.6369699972614,33.706419993183],[-96.6369000023311,33.706769992505],[-96.6367299997569,33.7073699983801],[-96.6365499989335,33.7078100041096],[-96.636230001063,33.7084400031747],[-96.6307699931554,33.7083100011246],[-96.6309000027332,33.7045099977394],[-96.6304599944323,33.7044999993731],[-96.6305300001424,33.7024900014418]]]},"properties":{"OBJECTID":97,"GID":76,"SCHOOL_NM":"Grayson County College","GRID_OP":null,"CREATE_DT":null,"CREATE_NM":null,"EDIT_DT":null,"EDIT_NM":null}},{"type":"Feature","id":98,"geometry":{"type":"Polygon","coordinates":[[[-96.6644900009748,33.7047000030972],[-96.6662000025086,33.7047800032608],[-96.6661399968443,33.7078100018677],[-96.6659700023549,33.7120599939311],[-96.665929996782,33.7132099998557],[-96.6658400017602,33.7154599994875],[-96.6656899938875,33.7192199994972],[-96.6625500010839,33.7191500012278],[-96.6596200056475,33.7190900003175],[-96.6594700031647,33.7150699984751],[-96.6579999964406,33.7150199993285],[-96.6576800030616,33.7098200015965],[-96.6573099995725,33.7097299971607],[-96.657329999664,33.7094099950724],[-96.6573399988114,33.7092700034049],[-96.6575399997263,33.7048399924985],[-96.6575399997263,33.7047800047554],[-96.6575500015687,33.7047199967929],[-96.6575700016601,33.7046700013352],[-96.6575900044466,33.7046299959803],[-96.6576199991939,33.7045900025638],[-96.6576600011735,33.7045700006174],[-96.6577100014022,33.7045500009082],[-96.657759998936,33.7045400010519],[-96.6578200072953,33.7045299974579],[-96.6580899968522,33.7045399995573],[-96.6644900009748,33.7047000030972]]]},"properties":{"OBJECTID":98,"GID":77,"SCHOOL_NM":"Grayson County College - West Campus","GRID_OP":null,"CREATE_DT":null,"CREATE_NM":null,"EDIT_DT":null,"EDIT_NM":null}},{"type":"Feature","id":99,"geometry":{"type":"Polygon","coordinates":[[[-94.8737999970995,32.3789299988865],[-94.8690800015601,32.3789099955693],[-94.8690799979668,32.3786799984495],[-94.8677600000136,32.3786699941085],[-94.8675699982462,32.378640004597],[-94.8673799973771,32.3785799989914],[-94.8669699946033,32.3783499987557],[-94.867079999598,32.3782900020614],[-94.8671399998725,32.3782199963845],[-94.8671900063894,32.3781500043091],[-94.8672000028419,32.3773699946533],[-94.867159999964,32.3772400014934],[-94.8671399962792,32.3772199993193],[-94.8672000073335,32.37720999861],[-94.8691200053363,32.3771700010722],[-94.869120001743,32.3775200026355],[-94.8719500012135,32.377569996137],[-94.8719399984729,32.3767899974065],[-94.8737599996115,32.3768400049679],[-94.8737999970995,32.3789299988865]]]},"properties":{"OBJECTID":99,"GID":78,"SCHOOL_NM":"Kilgore College","GRID_OP":null,"CREATE_DT":null,"CREATE_NM":null,"EDIT_DT":null,"EDIT_NM":null}},{"type":"Feature","id":100,"geometry":{"type":"Polygon","coordinates":[[[-94.7298200023494,32.461180004076],[-94.7296799972174,32.4625599975246],[-94.7296800053023,32.4625900000803],[-94.7296800053023,32.4626100022838],[-94.7296799990141,32.4627100003497],[-94.7296899972632,32.4628399985032],[-94.7297099973547,32.4629599984396],[-94.7297500020292,32.4630799959423],[-94.7298099933205,32.4631999993486],[-94.7298800062171,32.4633100015727],[-94.7299599975999,32.4634199975989],[-94.7300599989557,32.4635099998289],[-94.7300900008895,32.463540003584],[-94.7301199992301,32.4635700020235],[-94.7310000068488,32.4643100035709],[-94.73040999876,32.4694100028506],[-94.721709996693,32.4693899991259],[-94.7217100011846,32.4627200006808],[-94.7217100020829,32.4626899981684],[-94.7216999993422,32.4626700005303],[-94.7217000020372,32.4626200011101],[-94.7216700027983,32.462529994201],[-94.7216399972712,32.4624700004088],[-94.7216299954288,32.4624399970552],[-94.7216199926881,32.4624099974814],[-94.7214999948341,32.4621699937092],[-94.7214900037715,32.4621699990149],[-94.7214599991427,32.4621000000365],[-94.7214400017462,32.4620300010037],[-94.7214299963105,32.4619499984692],[-94.7214200007564,32.4618799993199],[-94.7214300052937,32.4610499989788],[-94.7217100056762,32.4610400007362],[-94.7218999975621,32.4610300024925],[-94.722280003792,32.4610100006961],[-94.7226600019369,32.4610300009766],[-94.7237300023398,32.4610500020107],[-94.7248699949781,32.4611199942255],[-94.7258900032371,32.4612199977356],[-94.7259400034658,32.4612199962196],[-94.7261200033909,32.4612499946739],[-94.7263100069549,32.4613000069821],[-94.7264799951562,32.4613600023115],[-94.7265999939085,32.4614100039471],[-94.7266400048712,32.4614300026229],[-94.7267000015524,32.4614399970324],[-94.7267599982336,32.4614499959886],[-94.7268199949148,32.4614599957016],[-94.7268800023758,32.4614599994914],[-94.726939999057,32.4614599979755],[-94.7291200000457,32.461190003819],[-94.7293100089997,32.4611700005422],[-94.7295699967143,32.4611600030708],[-94.7298200023494,32.461180004076]]]},"properties":{"OBJECTID":100,"GID":79,"SCHOOL_NM":"Le Tourneau University","GRID_OP":null,"CREATE_DT":null,"CREATE_NM":null,"EDIT_DT":null,"EDIT_NM":null}},{"type":"Feature","id":101,"geometry":{"type":"Polygon","coordinates":[[[-97.9863500009748,29.5692699958849],[-97.9864900016152,29.5768400035077],[-97.9839699999695,29.5782899989291],[-97.9824999995335,29.5790399971977],[-97.9818700020416,29.5792999960467],[-97.981849990272,29.5770899977655],[-97.9818400001078,29.5770700014665],[-97.981840003701,29.577050003601],[-97.9818300009603,29.5770300018251],[-97.981819999118,29.5770100016079],[-97.9818100017672,29.5769899935741],[-97.9817999990265,29.576969993349],[-97.98177999624,29.5769500001512],[-97.9817599997418,29.5769400008164],[-97.9817399978537,29.5769199982376],[-97.9817200076437,29.5769099988998],[-97.9816999994674,29.576899999561],[-97.9816800029691,29.5768899955337],[-97.9816499956454,29.5768900002213],[-97.9816400000912,29.5768900033463],[-97.9816000035015,29.5768800000993],[-97.981570002466,29.5768799977556],[-97.9815400005321,29.5768799954117],[-97.981529999588,29.5745699922531],[-97.9811599960989,29.5745600020579],[-97.9811399996007,29.5745500024864],[-97.9811200057974,29.5745500032677],[-97.9810999976211,29.5745400044765],[-97.9810699974839,29.5745400036952],[-97.9810499964941,29.5745300033404],[-97.9810299990975,29.5745199998595],[-97.9810199918653,29.5744999991451],[-97.9810000025536,29.5744900003489],[-97.9809899998129,29.5744699988472],[-97.9809700033147,29.5744499949977],[-97.9809700033147,29.5744400063532],[-97.980960000574,29.5744200001539],[-97.9809500032232,29.574399997857],[-97.9809500032232,29.5743900037387],[-97.9809500014265,29.5743699998733],[-97.9809499978333,29.5743400010994],[-97.9808500009691,29.5692899976353],[-97.9863500009748,29.5692699958849]]]},"properties":{"OBJECTID":101,"GID":80,"SCHOOL_NM":"Texas Lutheran University","GRID_OP":null,"CREATE_DT":null,"CREATE_NM":null,"EDIT_DT":null,"EDIT_NM":null}},{"type":"Feature","id":102,"geometry":{"type":"Polygon","coordinates":[[[-101.730639999337,34.1879299953062],[-101.726909997546,34.1879899986937],[-101.724380001245,34.1879900038953],[-101.724330000117,34.1854700017257],[-101.72685000356,34.1854299987724],[-101.729320004079,34.185390002488],[-101.729340002373,34.1865100020021],[-101.729339999678,34.1865400001193],[-101.729350000622,34.1865700041706],[-101.729350000622,34.1865799973445],[-101.729360003363,34.1865900009207],[-101.729360008753,34.1866000037525],[-101.729370004307,34.186609996923],[-101.729380001658,34.1866199952939],[-101.729389998111,34.1866299988653],[-101.729410003592,34.1866399994632],[-101.729420000044,34.1866499970874],[-101.729429997395,34.1866499978305],[-101.729450003775,34.1866599976829],[-101.729460001126,34.1866600043707],[-101.729480001217,34.1866599954536],[-101.729500002207,34.1866600021415],[-101.734360000183,34.1866000022664],[-101.734449999697,34.1902299955423],[-101.730699998713,34.1903000063743],[-101.730639999337,34.1879299953062]]]},"properties":{"OBJECTID":102,"GID":81,"SCHOOL_NM":"Wayland Baptist College","GRID_OP":null,"CREATE_DT":null,"CREATE_NM":null,"EDIT_DT":null,"EDIT_NM":null}},{"type":"Feature","id":103,"geometry":{"type":"Polygon","coordinates":[[[-94.7323699987425,31.2862900010661],[-94.7329399950616,31.2870999959298],[-94.7342300063523,31.287139999647],[-94.7345699998228,31.2868799928385],[-94.7350399983794,31.2879399951948],[-94.7352399965993,31.2884000036478],[-94.7343899963044,31.2890599992057],[-94.7343799962587,31.2890699987771],[-94.7343700078911,31.2890799998829],[-94.7343600006588,31.2890799983476],[-94.734350000613,31.2890900048259],[-94.7343400068555,31.2890900048259],[-94.7343300005216,31.2890999997882],[-94.7343199986792,31.2890999997882],[-94.734310003125,31.2890999997882],[-94.7343100049216,31.2891099993555],[-94.7342999985877,31.2891100001231],[-94.7342899967453,31.2891100001231],[-94.7342800029878,31.2891200065983],[-94.7342699948572,31.2891200058306],[-94.7342599939132,31.2891200058306],[-94.7342500055455,31.289120007366],[-94.7342400037031,31.289120000457],[-94.7342400001099,31.2891300007898],[-94.7342299973692,31.2891300007898],[-94.7342200036117,31.2891300023251],[-94.7342100017693,31.2891300015574],[-94.7342000008252,31.2891300015574],[-94.7341900007795,31.2891300015574],[-94.7341799989371,31.2891300015574],[-94.7341700042813,31.2891300023251],[-94.7341599952524,31.2891300023251],[-94.7341499952066,31.2891300023251],[-94.7341399996524,31.2891300030927],[-94.7341300049966,31.2891300030927],[-94.7341199986626,31.2891300030927],[-94.7341100013118,31.2891200035276],[-94.7340999994695,31.2891200042953],[-94.7340900048136,31.2891200042953],[-94.7340800038696,31.2891200042953],[-94.7340699966373,31.2891200035276],[-94.734069995739,31.2891100039614],[-94.7340600001848,31.2891100039614],[-94.7340499992408,31.2891100039614],[-94.7340399965001,31.2890999982529],[-94.7340300018442,31.2890999997882],[-94.7340199955103,31.2890999990205],[-94.7340199928153,31.2890899994523],[-94.7340099981595,31.2890899994523],[-94.7340000035036,31.2890899994523],[-94.7340000026053,31.2890799998829],[-94.7339900007629,31.2890799998829],[-94.7339800052088,31.2890700003125],[-94.7339700033664,31.2890700010802],[-94.7339700015698,31.2890599945997],[-94.7339599952358,31.2890599953674],[-94.7339600006257,31.2890500011684],[-94.7339499987833,31.2890499957948],[-94.7339399951443,31.2890400008272],[-94.7329700032837,31.2881099989974],[-94.7327000020486,31.2883599989298],[-94.7324699956066,31.2885899989577],[-94.7322399954529,31.2888799990609],[-94.7297600011767,31.2885000000149],[-94.7302899937196,31.2859500019447],[-94.7311200038044,31.2860799975086],[-94.7312699991007,31.2854599985705],[-94.7325200030219,31.2856500021082],[-94.7323699987425,31.2862900010661]]]},"properties":{"OBJECTID":103,"GID":82,"SCHOOL_NM":"Angelina College","GRID_OP":null,"CREATE_DT":null,"CREATE_NM":null,"EDIT_DT":null,"EDIT_NM":null}},{"type":"Feature","id":104,"geometry":{"type":"Polygon","coordinates":[[[-97.2987899990868,30.2115300026726],[-97.2994299939295,30.2108599996544],[-97.2996699932307,30.2106099978809],[-97.2999700017895,30.2102800029514],[-97.3001000005875,30.2100699999561],[-97.3004699968901,30.2094699975788],[-97.3008600022673,30.2088199987677],[-97.3009400062266,30.2084900040462],[-97.3011099998177,30.2077599987586],[-97.3011400017515,30.2076199999546],[-97.3022599996882,30.2026499956816],[-97.3025399964774,30.2014599974969],[-97.3026300058722,30.2010199988181],[-97.3029900012308,30.1994599996541],[-97.3047399975577,30.1997400016428],[-97.3051399975908,30.1998100020156],[-97.3055800049933,30.1999500041646],[-97.3064199989543,30.2002200079687],[-97.3085300023178,30.2013000072391],[-97.3085599943702,30.2013100039205],[-97.3086099963955,30.2013299957275],[-97.3093700025669,30.2015999988521],[-97.3098899995557,30.2017800013001],[-97.3101800071704,30.201880000965],[-97.310810003764,30.2019599948787],[-97.3109300052112,30.2019800013048],[-97.3112499976918,30.2020200001701],[-97.3115300025659,30.2020300006603],[-97.3121499982154,30.2020399957148],[-97.312320001688,30.2020300006603],[-97.31275000096,30.2020100035608],[-97.3133799984519,30.2019799997521],[-97.3134200004315,30.2019799997521],[-97.3134200067197,30.2020399980439],[-97.3134799944178,30.203619998904],[-97.3136100013006,30.205020003828],[-97.3145699958105,30.2131199964882],[-97.3133899975993,30.213249997434],[-97.3131099990135,30.2132900033633],[-97.312959997429,30.2133200013953],[-97.3126499978076,30.2133699980948],[-97.3120299976665,30.213519995804],[-97.31125000398,30.2137799987956],[-97.3084399938213,30.2148199992334],[-97.3077099976686,30.2150499981891],[-97.306889994816,30.2152200001768],[-97.3065400048931,30.2152600037526],[-97.3059699995908,30.21528999575],[-97.305339996709,30.2152799966072],[-97.3033599984317,30.215159992842],[-97.2987899990868,30.2115300026726]]]},"properties":{"OBJECTID":104,"GID":83,"SCHOOL_NM":"The University of Texas Cancer Research Center","GRID_OP":null,"CREATE_DT":null,"CREATE_NM":null,"EDIT_DT":null,"EDIT_NM":null}},{"type":"Feature","id":105,"geometry":{"type":"Polygon","coordinates":[[[-97.752860001921,28.4327599987893],[-97.7587099963411,28.4314199991093],[-97.7590900007743,28.4331900009209],[-97.7596899972307,28.435280001404],[-97.7599999959538,28.4363900045528],[-97.7578000029583,28.4362399990647],[-97.7571700045681,28.4377400048789],[-97.7569400008211,28.4376600001555],[-97.7559599999316,28.4400799966028],[-97.7551500016163,28.4397900016028],[-97.754780006212,28.4405999977403],[-97.7529099967598,28.4399599968887],[-97.7529300004445,28.4389300018413],[-97.752860001921,28.4327599987893]]]},"properties":{"OBJECTID":105,"GID":84,"SCHOOL_NM":"Bee County College","GRID_OP":null,"CREATE_DT":null,"CREATE_NM":null,"EDIT_DT":null,"EDIT_NM":null}},{"type":"Feature","id":106,"geometry":{"type":"MultiPolygon","coordinates":[[[[-97.8137899985609,31.1218100010959],[-97.8125200044297,31.1218399959911],[-97.8098499985046,31.1218800058322],[-97.8079600051306,31.1219299952314],[-97.8070600001154,31.1219199948927],[-97.8061799978866,31.1218999972885],[-97.8052100024327,31.121890006944],[-97.8045400002663,31.1218500009523],[-97.8020500068426,31.1215900038915],[-97.8011000015988,31.1215000027908],[-97.8010199949446,31.1181600036106],[-97.8135700020462,31.1178800056799],[-97.8135802724848,31.1178851391083],[-97.8137899985609,31.1218100010959]]],[[[-97.813590000341,31.1178900010608],[-97.8135802724848,31.1178851391083],[-97.813579999397,31.1178800033728],[-97.813590000341,31.1178900010608]]]]},"properties":{"OBJECTID":106,"GID":85,"SCHOOL_NM":"Central Texas College","GRID_OP":null,"CREATE_DT":null,"CREATE_NM":null,"EDIT_DT":null,"EDIT_NM":null}},{"type":"Feature","id":107,"geometry":{"type":"Polygon","coordinates":[[[-98.5488055418134,29.4303454148383],[-98.5479700960227,29.4302651806081],[-98.547665289562,29.4326418387243],[-98.5476135466016,29.4330305233939],[-98.5464425863405,29.4328874144599],[-98.5467789173796,29.4301360741709],[-98.5455603949175,29.4300039475301],[-98.5450542418656,29.4299490837257],[-98.5450606477519,29.4298985222789],[-98.5438622367724,29.4297707564014],[-98.5425700928811,29.429647604937],[-98.5428192244555,29.4275869991799],[-98.5412700006963,29.4277300021335],[-98.5406399969162,29.4276199997591],[-98.5400399968666,29.4272800020512],[-98.5392099975615,29.4259000010514],[-98.5387688331289,29.425445936751],[-98.5387977543894,29.4251912660432],[-98.5389234556471,29.4242210598386],[-98.5403853020753,29.4243574708036],[-98.5407779880253,29.4242830218825],[-98.5409977887074,29.4242413343749],[-98.5431942836631,29.4244473446236],[-98.5433085547571,29.4234903021915],[-98.5454078699654,29.4236953374752],[-98.5454213878138,29.4235827322379],[-98.5455807974542,29.4235997049923],[-98.5457258618979,29.4236002010611],[-98.5458155110683,29.4235930166695],[-98.5458966711592,29.4235746089131],[-98.5460236498213,29.4235038556824],[-98.547764545316,29.4236797966063],[-98.5477320451674,29.4243486895113],[-98.5476927977726,29.4245354727498],[-98.5476856148436,29.4246221822447],[-98.5475419356021,29.4263587414217],[-98.5472161768357,29.4288077670086],[-98.5480687130746,29.428884654491],[-98.548440726095,29.4288548574786],[-98.5489942302439,29.4289075632267],[-98.5488055418134,29.4303454148383]]]},"properties":{"OBJECTID":107,"GID":86,"SCHOOL_NM":"Our Lady of the Lake University","GRID_OP":null,"CREATE_DT":null,"CREATE_NM":null,"EDIT_DT":null,"EDIT_NM":null}},{"type":"Feature","id":108,"geometry":{"type":"Polygon","coordinates":[[[-98.5871630376083,29.4661454660561],[-98.5872820023997,29.4638271644834],[-98.5893483359623,29.4638319683437],[-98.5893891104931,29.466731783956],[-98.5893749287897,29.4668487493019],[-98.5891858711516,29.4673872678985],[-98.5874004174221,29.46691367142],[-98.5873904137832,29.466704209081],[-98.5873738254931,29.4666440342439],[-98.5873196391152,29.4665298740982],[-98.5872462234003,29.466425272026],[-98.587216240331,29.4663703817634],[-98.5871766524748,29.4662538475929],[-98.5871630376083,29.4661454660561]]]},"properties":{"OBJECTID":108,"GID":87,"SCHOOL_NM":"Intentional Bible College","GRID_OP":null,"CREATE_DT":null,"CREATE_NM":null,"EDIT_DT":null,"EDIT_NM":null}},{"type":"Feature","id":109,"geometry":{"type":"Polygon","coordinates":[[[-98.452286477421,29.4134949060466],[-98.455598894657,29.4135021999227],[-98.4556136405023,29.4147082403344],[-98.4567151466189,29.4147033324225],[-98.456695564244,29.4176863405977],[-98.4544958964387,29.4176917225536],[-98.4522698028927,29.4177323610846],[-98.4522307118048,29.4168205180574],[-98.4522924260648,29.4158926904988],[-98.4523100240612,29.4143719406137],[-98.452286477421,29.4134949060466]]]},"properties":{"OBJECTID":109,"GID":88,"SCHOOL_NM":"Saint Philip's College","GRID_OP":null,"CREATE_DT":null,"CREATE_NM":null,"EDIT_DT":null,"EDIT_NM":null}},{"type":"Feature","id":110,"geometry":{"type":"Polygon","coordinates":[[[-98.4941961337333,29.4439266291072],[-98.4992900000091,29.443940003074],[-98.4993391073125,29.4439440146379],[-98.4993556596699,29.4492054087133],[-98.4983457844072,29.4492069606887],[-98.4983476412249,29.4481812257084],[-98.4974079710984,29.4481830053353],[-98.4974069721718,29.4492083742067],[-98.4964538578587,29.4491939480313],[-98.4964396159682,29.4481848725745],[-98.4964453579995,29.4471038002428],[-98.4942170132754,29.4471074706155],[-98.4941961337333,29.4439266291072]]]},"properties":{"OBJECTID":110,"GID":89,"SCHOOL_NM":"San Antonio College","GRID_OP":null,"CREATE_DT":null,"CREATE_NM":null,"EDIT_DT":null,"EDIT_NM":null}},{"type":"Feature","id":111,"geometry":{"type":"Polygon","coordinates":[[[-98.4870200013749,29.4616699977754],[-98.4869845790066,29.4625695049063],[-98.4845969297449,29.4625751332046],[-98.4845816215542,29.4638976987717],[-98.4845903415006,29.4665417066714],[-98.481848590727,29.466542835259],[-98.4814378872674,29.4663719491185],[-98.4810924122771,29.4662281926788],[-98.4805474753611,29.4659366536336],[-98.4801569103334,29.4657831771987],[-98.4798885467271,29.4657112833357],[-98.4790891036165,29.465620081249],[-98.4790777920304,29.4641057622005],[-98.479341825757,29.4640923377067],[-98.4800640820252,29.4639166044742],[-98.4803674529782,29.4637725348291],[-98.4806807673829,29.4635458676348],[-98.4809333619627,29.4632671612268],[-98.4810962696429,29.4629512836528],[-98.4811620945936,29.4626205498686],[-98.4811479039071,29.4622850423581],[-98.4810542868781,29.4619594724845],[-98.4808854027064,29.4616580527863],[-98.480905309373,29.4610007219075],[-98.4809842281674,29.4606879213207],[-98.4811209751098,29.4604091773373],[-98.4813447616168,29.4601223106232],[-98.4815780028921,29.4598778058582],[-98.4818113097444,29.4596163705349],[-98.4820532781527,29.4592550071246],[-98.4821817677811,29.4590000144964],[-98.482270594993,29.4586364658457],[-98.4822699931218,29.4581099940235],[-98.4825099969145,29.4581199965028],[-98.4825399979501,29.458769999109],[-98.4870071851107,29.4587058625542],[-98.4869977752581,29.4601626998712],[-98.4869939664013,29.4607516397328],[-98.4870200013749,29.4616699977754]]]},"properties":{"OBJECTID":111,"GID":90,"SCHOOL_NM":"Trinity University","GRID_OP":null,"CREATE_DT":null,"CREATE_NM":null,"EDIT_DT":null,"EDIT_NM":null}},{"type":"Feature","id":112,"geometry":{"type":"Polygon","coordinates":[[[-98.4870071851107,29.4587058625542],[-98.4914000043422,29.4586500044767],[-98.4913138684829,29.4601625520427],[-98.4869960181534,29.4601624957271],[-98.4870071851107,29.4587058625542]]]},"properties":{"OBJECTID":112,"GID":91,"SCHOOL_NM":"Saint Anthony Seminary","GRID_OP":null,"CREATE_DT":null,"CREATE_NM":null,"EDIT_DT":null,"EDIT_NM":null}},{"type":"Feature","id":113,"geometry":{"type":"Polygon","coordinates":[[[-98.46369438264,29.4684347324527],[-98.4636984870426,29.4676591727624],[-98.4637071009878,29.4667458650732],[-98.4637145596996,29.4661864801617],[-98.4637555192833,29.4657664891487],[-98.466894084664,29.4658277649457],[-98.4688043655904,29.4658440110894],[-98.4691992703792,29.4657621257123],[-98.4691899988672,29.4663200003567],[-98.4706099972778,29.4666100014508],[-98.4705500059865,29.4675499988918],[-98.47091000404,29.4680799982584],[-98.4700100026181,29.4692400009883],[-98.4674500034843,29.4681199987623],[-98.4674799946384,29.4682699983603],[-98.4675899987348,29.4684399998785],[-98.46369438264,29.4684347324527]]]},"properties":{"OBJECTID":113,"GID":92,"SCHOOL_NM":"University of the Incarnate Word","GRID_OP":null,"CREATE_DT":null,"CREATE_NM":null,"EDIT_DT":null,"EDIT_NM":null}},{"type":"Feature","id":114,"geometry":{"type":"Polygon","coordinates":[[[-98.5447100074487,29.3254200010081],[-98.5411400036949,29.3254200010081],[-98.5411099945745,29.3209999991793],[-98.5524800007701,29.3209699974741],[-98.5521399974182,29.3221599990831],[-98.551390001174,29.3242700029188],[-98.5509899939544,29.3254199986585],[-98.547279997645,29.3254200017913],[-98.5472700020909,29.3229400009054],[-98.5447000056063,29.3229400040383],[-98.5447100074487,29.3254200010081]]]},"properties":{"OBJECTID":114,"GID":93,"SCHOOL_NM":"Palo Alto Community College","GRID_OP":null,"CREATE_DT":null,"CREATE_NM":null,"EDIT_DT":null,"EDIT_NM":null}},{"type":"Feature","id":115,"geometry":{"type":"Polygon","coordinates":[[[-94.0803499941344,33.4463100001478],[-94.0802299971787,33.4463299998163],[-94.0799699968878,33.446380006463],[-94.0796299971291,33.446489997748],[-94.0793299993501,33.4466000016359],[-94.0792000068403,33.446639998586],[-94.0790600026066,33.4466600004271],[-94.0790299997744,33.4466599996775],[-94.0781799985813,33.4466699949747],[-94.077879997209,33.4466900020557],[-94.0775800003283,33.4467200059226],[-94.0772900052899,33.4467800046308],[-94.0770099986192,33.4468600028437],[-94.0769900003244,33.4468699981178],[-94.0769100053483,33.4468799978881],[-94.0769000062009,33.4468799993872],[-94.0764200031069,33.4468800001368],[-94.0754099948936,33.4468800001368],[-94.0748500004169,33.4468699996169],[-94.0746900014816,33.4466399963373],[-94.0746899933968,33.4462799976382],[-94.0746700004918,33.4461000011013],[-94.0746800023342,33.4457499978129],[-94.074620005653,33.445419998987],[-94.0745599937005,33.4451200010775],[-94.0745000015108,33.444810001373],[-94.0744499949939,33.4444799997208],[-94.0744100046924,33.4441500035593],[-94.0743500026213,33.4437699972704],[-94.074289994262,33.4433799936418],[-94.0742899951603,33.4432299999094],[-94.074289996957,33.4429999989715],[-94.0743099961501,33.4426200026369],[-94.074299997901,33.4423299938397],[-94.0742899951603,33.4420500038896],[-94.074270004052,33.4417300010972],[-94.0742599995147,33.4415100025687],[-94.0797499967797,33.4414899980409],[-94.0797500021696,33.4415000006801],[-94.0802900001482,33.4414900010393],[-94.0803499941344,33.4463100001478]]]},"properties":{"OBJECTID":115,"GID":94,"SCHOOL_NM":"Texas A&M University - Texarkana Campus","GRID_OP":null,"CREATE_DT":null,"CREATE_NM":null,"EDIT_DT":null,"EDIT_NM":null}},{"type":"Feature","id":116,"geometry":{"type":"Polygon","coordinates":[[[-95.2407600048116,29.4018999964229],[-95.2377999984582,29.3943299971298],[-95.2431299949914,29.3926999990285],[-95.2449900017029,29.3975200022027],[-95.245689999515,29.3992699950484],[-95.2454999977476,29.3994299974265],[-95.2450700020688,29.3997600002644],[-95.2446400018985,29.4000800063572],[-95.2444399955938,29.4002100048273],[-95.2441799962011,29.4003799966761],[-95.2437099958478,29.4006600003551],[-95.2432299918555,29.4009199987766],[-95.2427399959024,29.4011600007026],[-95.2422299998577,29.401380000014],[-95.241710000174,29.4015899970628],[-95.2412200051191,29.4017600061698],[-95.2411799968513,29.4017700040265],[-95.2411499967141,29.4017799971866],[-95.2407600048116,29.4018999964229]]]},"properties":{"OBJECTID":116,"GID":95,"SCHOOL_NM":"Alvin Community College","GRID_OP":null,"CREATE_DT":null,"CREATE_NM":null,"EDIT_DT":null,"EDIT_NM":null}},{"type":"Feature","id":117,"geometry":{"type":"Polygon","coordinates":[[[-95.4107399999154,29.0472300000956],[-95.4077499979164,29.047089995404],[-95.4058800064305,29.0477600012148],[-95.4055599968819,29.0473199959435],[-95.4052999965909,29.0469599971599],[-95.4051200047507,29.0466800002043],[-95.4047800031954,29.0461499998193],[-95.4046100033161,29.0459000036122],[-95.4044800036198,29.0457100026027],[-95.4096599994667,29.0445300017667],[-95.4099999956321,29.044350002769],[-95.4103100006434,29.0441700042425],[-95.4130599988496,29.0414799997602],[-95.4140899981712,29.0426899977338],[-95.4138799990073,29.0427300000142],[-95.4135200027504,29.0428400060092],[-95.4132800034492,29.0429500024626],[-95.4130600015446,29.0430800010473],[-95.4127300000351,29.0433200002392],[-95.4123800020273,29.0436400003877],[-95.4120000002891,29.0440300040371],[-95.4116799934354,29.0444299966031],[-95.4114100002852,29.0448499958065],[-95.411180004623,29.0452899951202],[-95.4110100038454,29.0456500028725],[-95.4109299989879,29.0459199998127],[-95.410819999383,29.0465999979054],[-95.410769998256,29.0469499999462],[-95.4107399999154,29.0472300000956]]]},"properties":{"OBJECTID":117,"GID":96,"SCHOOL_NM":"Brazosport College","GRID_OP":null,"CREATE_DT":null,"CREATE_NM":null,"EDIT_DT":null,"EDIT_NM":null}},{"type":"Feature","id":118,"geometry":{"type":"Polygon","coordinates":[[[-101.837965443559,35.2219657499376],[-101.835389996996,35.2219500065409],[-101.835100595744,35.2219580371193],[-101.834155459369,35.2219570588902],[-101.834159999454,35.2218599962004],[-101.834720002016,35.2189899962916],[-101.835941117016,35.2191567715583],[-101.835720002997,35.2202500062789],[-101.838230005495,35.2205999987322],[-101.837965443559,35.2219657499376]]]},"properties":{"OBJECTID":118,"GID":125,"SCHOOL_NM":"Amarillo College","GRID_OP":null,"CREATE_DT":null,"CREATE_NM":null,"EDIT_DT":null,"EDIT_NM":null}},{"type":"Feature","id":119,"geometry":{"type":"Polygon","coordinates":[[[-101.444189998777,32.2555500044773],[-101.443470006264,32.2533999964019],[-101.442799992419,32.2512399934417],[-101.451079992565,32.2494000001687],[-101.452390002151,32.2537300049382],[-101.444189998777,32.2555500044773]]]},"properties":{"OBJECTID":119,"GID":126,"SCHOOL_NM":"Howard County Junior College","GRID_OP":null,"CREATE_DT":null,"CREATE_NM":null,"EDIT_DT":null,"EDIT_NM":null}},{"type":"Feature","id":120,"geometry":{"type":"Polygon","coordinates":[[[-101.501210003583,32.2272099978097],[-101.502310004123,32.2265200060691],[-101.503930000754,32.225489994192],[-101.504809996694,32.226510000115],[-101.505499998054,32.227319998564],[-101.506060001514,32.2279700020996],[-101.506210001302,32.2281600002792],[-101.506399999476,32.2284199957448],[-101.506559998411,32.2286799980656],[-101.506590003938,32.2287499962545],[-101.505390003839,32.2289999987903],[-101.505270000595,32.2290400025063],[-101.5051599956,32.2290999939888],[-101.503679996915,32.230020001797],[-101.501610000921,32.2313300006585],[-101.500880002972,32.231790000518],[-101.499019994464,32.229580001174],[-101.498969997828,32.2295100005848],[-101.498960004071,32.2294500032936],[-101.498950003127,32.2294200023535],[-101.498949997737,32.2293300025133],[-101.49897000232,32.2292400003042],[-101.499099997525,32.2290100029506],[-101.499319999429,32.2286199979468],[-101.499449993736,32.2283999979321],[-101.499510000298,32.2283199975184],[-101.499609994468,32.2282200022216],[-101.501210003583,32.2272099978097]]]},"properties":{"OBJECTID":120,"GID":127,"SCHOOL_NM":"Southwest Collegiate Institute For The Deaf","GRID_OP":null,"CREATE_DT":null,"CREATE_NM":null,"EDIT_DT":null,"EDIT_NM":null}},{"type":"Feature","id":121,"geometry":{"type":"Polygon","coordinates":[[[-106.484969998769,31.748929999452],[-106.485379996153,31.7488299988993],[-106.485409998087,31.748830001191],[-106.485440000021,31.7488199979979],[-106.485640000037,31.7487799959089],[-106.485949991574,31.7487399991499],[-106.486154018738,31.7486875997716],[-106.486584730374,31.7486907561866],[-106.486928989944,31.7486932762769],[-106.486926569882,31.7487962890125],[-106.486930182906,31.7493470154651],[-106.487081935307,31.7508382522945],[-106.487052908045,31.7512906522823],[-106.487030001006,31.7515800003327],[-106.485940000511,31.7518400034473],[-106.484979995222,31.7489599998259],[-106.484969998769,31.748929999452]]]},"properties":{"OBJECTID":121,"GID":128,"SCHOOL_NM":"EL Paso Community College ","GRID_OP":null,"CREATE_DT":null,"CREATE_NM":null,"EDIT_DT":null,"EDIT_NM":null}},{"type":"Feature","id":122,"geometry":{"type":"Polygon","coordinates":[[[-106.449076626714,31.7651908649934],[-106.451848083876,31.765568731718],[-106.451929995857,31.7660600003745],[-106.451462252072,31.766172095405],[-106.451514584327,31.7664199582225],[-106.451474922809,31.7669836322162],[-106.451393226424,31.7673386542298],[-106.451165744248,31.7683458165713],[-106.451018749324,31.7690297346569],[-106.450093517819,31.7688128228496],[-106.449402016273,31.768632582595],[-106.449049998853,31.7683300034781],[-106.448879994482,31.7681000011403],[-106.448280857713,31.7664477220183],[-106.448207491406,31.7661274442226],[-106.448211111616,31.7649157287897],[-106.449076626714,31.7651908649934]]]},"properties":{"OBJECTID":122,"GID":129,"SCHOOL_NM":"EL Paso Community College ","GRID_OP":null,"CREATE_DT":null,"CREATE_NM":null,"EDIT_DT":null,"EDIT_NM":null}},{"type":"Feature","id":123,"geometry":{"type":"Polygon","coordinates":[[[-96.6001599986637,33.6446499997385],[-96.6006899992914,33.6463400018797],[-96.6006700036915,33.6463500032715],[-96.600579995195,33.646399999744],[-96.6003899952242,33.6465599955894],[-96.6003499977362,33.64658000206],[-96.6003199958023,33.6466099986702],[-96.6002299971873,33.6466499996184],[-96.6001300003231,33.6466900012958],[-96.5984800035553,33.647040003028],[-96.5973700020712,33.6472699984773],[-96.5973799985236,33.6472999978384],[-96.597650000657,33.6482299975253],[-96.5979299947513,33.6492000018839],[-96.5967699993266,33.6494399970817],[-96.5955399999884,33.6497000033381],[-96.5952699978551,33.6487800019476],[-96.5949799992235,33.6477800018986],[-96.594699996146,33.6468099987382],[-96.5960699997178,33.6465300034486],[-96.5960700015145,33.6464999955931],[-96.595790001132,33.6455599981684],[-96.5967599992808,33.6453600034225],[-96.5978900044498,33.6451200013366],[-96.6001599986637,33.6446499997385]]]},"properties":{"OBJECTID":123,"GID":130,"SCHOOL_NM":"Austin College","GRID_OP":null,"CREATE_DT":null,"CREATE_NM":null,"EDIT_DT":null,"EDIT_NM":null}},{"type":"Feature","id":124,"geometry":{"type":"Polygon","coordinates":[[[-98.574899426894,29.5091080104687],[-98.5739539491592,29.5091278724583],[-98.5736935329482,29.5078481514893],[-98.5735279033728,29.5074619464629],[-98.573274063728,29.5071143272185],[-98.5731174208986,29.5069598108039],[-98.5720183725727,29.5061070939509],[-98.5743046846838,29.5038477663009],[-98.5759725696038,29.5021985715168],[-98.5781296653495,29.5001008322657],[-98.5813736228759,29.5025466986306],[-98.578927557968,29.5050477489708],[-98.5767070842824,29.5095216020193],[-98.574899426894,29.5091080104687]]]},"properties":{"OBJECTID":124,"GID":131,"SCHOOL_NM":"The University of Texas Health Science Center at San Antonio","GRID_OP":null,"CREATE_DT":null,"CREATE_NM":null,"EDIT_DT":null,"EDIT_NM":null}},{"type":"Feature","id":125,"geometry":{"type":"Polygon","coordinates":[[[-103.645110003478,30.3606400006354],[-103.644720005287,30.359309996599],[-103.649820004362,30.3582899999357],[-103.649589994326,30.3574100013204],[-103.650689995765,30.3571899981043],[-103.650890001171,30.3579700084724],[-103.653900005058,30.3573699998564],[-103.654329994449,30.3586399990167],[-103.651439993806,30.3592199998746],[-103.648490006363,30.3597999988438],[-103.647309996473,30.3601000023603],[-103.645110003478,30.3606400006354]]]},"properties":{"OBJECTID":125,"GID":132,"SCHOOL_NM":"Sul Ross State University","GRID_OP":null,"CREATE_DT":null,"CREATE_NM":null,"EDIT_DT":null,"EDIT_NM":null}},{"type":"Feature","id":126,"geometry":{"type":"Polygon","coordinates":[[[-96.3642985604475,30.6765483248408],[-96.3642198428758,30.6774066091368],[-96.3635995112563,30.6773866358995],[-96.3633531348149,30.6775475280428],[-96.3622769270534,30.6784561478092],[-96.3620173507672,30.6785368108939],[-96.3604871650038,30.6796958545541],[-96.3586065500414,30.6813926513859],[-96.3574217997424,30.6804421679249],[-96.3587341862702,30.6793572162936],[-96.3588407623955,30.6792135813023],[-96.3588296601169,30.6790708608391],[-96.3581619342814,30.6785261066563],[-96.3586204990811,30.6781250534403],[-96.3592530343137,30.6776252838296],[-96.3593532350954,30.6772595354906],[-96.3592502719942,30.6759680364306],[-96.3599997220627,30.6759418248352],[-96.3623636737671,30.6759880926306],[-96.3627273450318,30.676315804894],[-96.3633374538233,30.6764771878811],[-96.3642985604475,30.6765483248408]]]},"properties":{"OBJECTID":126,"GID":133,"SCHOOL_NM":"Allen Academy Private","GRID_OP":null,"CREATE_DT":null,"CREATE_NM":null,"EDIT_DT":null,"EDIT_NM":null}},{"type":"Feature","id":127,"geometry":{"type":"Polygon","coordinates":[[[-97.2857017933322,32.6627975800802],[-97.2857472956963,32.6627548394522],[-97.2858212081795,32.6627501332628],[-97.2915508157753,32.665368027967],[-97.2917080676624,32.6654665835087],[-97.2918408916619,32.6655897187967],[-97.2919664860201,32.665757835356],[-97.2920333934408,32.6659046863956],[-97.2920820875191,32.6660662012371],[-97.2921127056972,32.6662373750854],[-97.2921666064109,32.6664240739325],[-97.2922152995909,32.6665855885915],[-97.2923115594635,32.6667430700185],[-97.2924206706345,32.6668657082218],[-97.292535433107,32.6669985007985],[-97.2926483055242,32.6671964543866],[-97.2926913608774,32.667347813149],[-97.2927153369124,32.6675439306252],[-97.2927181926566,32.6678549703659],[-97.2927291314418,32.668296588509],[-97.2927889331886,32.6686890570716],[-97.2928973176226,32.6690424137989],[-97.29305339631,32.6693867143763],[-97.2932963483735,32.6698030407275],[-97.2935458069346,32.670199439421],[-97.2949063251954,32.6721636885114],[-97.2856564077491,32.6718049881001],[-97.2857017933322,32.6627975800802]]]},"properties":{"OBJECTID":127,"GID":134,"SCHOOL_NM":"Tarrant County Junior College - South Campus","GRID_OP":null,"CREATE_DT":null,"CREATE_NM":null,"EDIT_DT":null,"EDIT_NM":null}},{"type":"Feature","id":128,"geometry":{"type":"Polygon","coordinates":[[[-97.2806437087507,32.6715791173888],[-97.2806905181635,32.6666687324552],[-97.2807233318242,32.6663012264043],[-97.2807719854783,32.6658965917022],[-97.2808515789074,32.6654426864996],[-97.2817776009299,32.6620108712511],[-97.2822352817874,32.6620016607162],[-97.2827879046889,32.6620256312467],[-97.2833317007444,32.6620993358989],[-97.2839041009553,32.6622048329928],[-97.2844243279127,32.6623279697499],[-97.2849148898045,32.6624567291293],[-97.2853018714525,32.6625958150359],[-97.2852822315855,32.6647983428328],[-97.2852867321451,32.6687113046815],[-97.2852277370854,32.6717617300152],[-97.2806437087507,32.6715791173888]]]},"properties":{"OBJECTID":128,"GID":135,"SCHOOL_NM":"Tarrant County Junior College - South Campus","GRID_OP":null,"CREATE_DT":null,"CREATE_NM":null,"EDIT_DT":null,"EDIT_NM":null}},{"type":"Feature","id":129,"geometry":{"type":"Polygon","coordinates":[[[-106.433043812629,31.7735928022038],[-106.4330983224,31.7731362925832],[-106.433064259183,31.7725230744884],[-106.433009754801,31.7709695756995],[-106.432982498119,31.7705948263659],[-106.433077888422,31.7703290984189],[-106.434413346382,31.7707379104464],[-106.435748809731,31.771214858838],[-106.435780346885,31.7738325340144],[-106.433043812629,31.7735928022038]]]},"properties":{"OBJECTID":129,"GID":136,"SCHOOL_NM":"Texas Tech University Health Sciences Center at El Paso","GRID_OP":null,"CREATE_DT":null,"CREATE_NM":null,"EDIT_DT":null,"EDIT_NM":null}},{"type":"Feature","id":130,"geometry":{"type":"Polygon","coordinates":[[[-101.903671266034,35.2059914430215],[-101.910487331168,35.2059895390265],[-101.910499997414,35.2087699986746],[-101.903650002911,35.2087999998761],[-101.903671266034,35.2059914430215]]]},"properties":{"OBJECTID":130,"GID":137,"SCHOOL_NM":"Amarillo College","GRID_OP":null,"CREATE_DT":null,"CREATE_NM":null,"EDIT_DT":null,"EDIT_NM":null}},{"type":"Feature","id":131,"geometry":{"type":"Polygon","coordinates":[[[-101.920550363185,35.1924525904402],[-101.921624774316,35.1943874522622],[-101.921860774318,35.1955317236764],[-101.921850101434,35.1990662615733],[-101.92194603432,35.2044918922173],[-101.921979442665,35.2057293115236],[-101.921912687958,35.2060635437701],[-101.910487331168,35.2059895390265],[-101.903662839836,35.2059915722055],[-101.903084940139,35.2059739011632],[-101.903740572854,35.2046822201368],[-101.905590031548,35.2028914723369],[-101.909690143727,35.1992904086219],[-101.911872313249,35.1974311619607],[-101.912723645746,35.1969516768863],[-101.915199377516,35.1949847952796],[-101.916158357828,35.1943193823965],[-101.917371763486,35.1936441835002],[-101.91875151288,35.1930864083091],[-101.920550363185,35.1924525904402]]]},"properties":{"OBJECTID":131,"GID":138,"SCHOOL_NM":"Texas Tech University Health Sciences Center at Amarillo","GRID_OP":null,"CREATE_DT":null,"CREATE_NM":null,"EDIT_DT":null,"EDIT_NM":null}},{"type":"Feature","id":132,"geometry":{"type":"Polygon","coordinates":[[[-102.377735950699,31.8417156141017],[-102.378818750298,31.8432927790805],[-102.379624029763,31.8444365954789],[-102.37763394071,31.8454778148076],[-102.373402211867,31.8476811790254],[-102.372703137523,31.8467106310432],[-102.372073955701,31.8458371108136],[-102.371464764988,31.8449912874119],[-102.372481443192,31.8444624151071],[-102.374595521314,31.8433625986156],[-102.376771245424,31.8422465801359],[-102.377735950699,31.8417156141017]]]},"properties":{"OBJECTID":132,"GID":139,"SCHOOL_NM":"Texas Tech University Health Sciences Center at Odessa","GRID_OP":null,"CREATE_DT":null,"CREATE_NM":null,"EDIT_DT":null,"EDIT_NM":null}},{"type":"Feature","id":133,"geometry":{"type":"Polygon","coordinates":[[[-94.8147200017354,29.3123199973245],[-94.8150400023009,29.3123499984402],[-94.8153400072664,29.312360006643],[-94.8158300005247,29.3123800050301],[-94.8160099950598,29.3124099943785],[-94.8161900039681,29.3124599985388],[-94.8166799972263,29.312580003567],[-94.8167999968769,29.3126300013776],[-94.8169600003037,29.3127300039749],[-94.8171299992847,29.3128199991008],[-94.8173499993928,29.312889998214],[-94.8175799968516,29.3129300010427],[-94.8180299998083,29.3129099949305],[-94.818289999201,29.3129700022891],[-94.8183699986686,29.3129700007225],[-94.8184500017295,29.3129399997892],[-94.8185200020497,29.3129000024474],[-94.8185800023242,29.3128600011736],[-94.8186399972087,29.3128400005308],[-94.8187800041374,29.3128699952272],[-94.8189899970131,29.3129500024511],[-94.8194499973207,29.3131400042783],[-94.8197099976117,29.3132399969763],[-94.8199799979484,29.313340002109],[-94.8202500000818,29.3134300037465],[-94.8204900056712,29.31353000321],[-94.820659995669,29.3135700026546],[-94.8212300081578,29.3136700058973],[-94.8213699971201,29.3137100005873],[-94.8216797964172,29.3137515986515],[-94.8195121068394,29.3173672489929],[-94.8192787236303,29.3175974589898],[-94.8191464997053,29.3177278729461],[-94.8188840488102,29.3178728451158],[-94.8187099993256,29.3179599987551],[-94.8185277149847,29.3180088605597],[-94.8181660918789,29.3181144980986],[-94.816000464833,29.3186454263109],[-94.8145738117027,29.3143446850817],[-94.8146399950813,29.3128400052306],[-94.8147200017354,29.3123199973245]]]},"properties":{"OBJECTID":133,"GID":153,"SCHOOL_NM":"Texas A&M University at Galveston","GRID_OP":null,"CREATE_DT":null,"CREATE_NM":null,"EDIT_DT":null,"EDIT_NM":null}},{"type":"Feature","id":134,"geometry":{"type":"Polygon","coordinates":[[[-98.5442405397964,29.330198690916],[-98.543502031208,29.3301996667351],[-98.542721602737,29.3302007059901],[-98.5427095230914,29.3289306970528],[-98.5428115896739,29.3288706622731],[-98.5434660132567,29.3289186926058],[-98.5441924826236,29.3289547192564],[-98.5442105028282,29.3292188871552],[-98.5442405173385,29.329561111795],[-98.5442405397964,29.330198690916]]]},"properties":{"OBJECTID":134,"GID":154,"SCHOOL_NM":"Texas A&M University - Kingsville System Center - San Antonio","GRID_OP":null,"CREATE_DT":null,"CREATE_NM":null,"EDIT_DT":null,"EDIT_NM":null}},{"type":"Feature","id":135,"geometry":{"type":"Polygon","coordinates":[[[-97.885619994755,27.5224899960687],[-97.8856609588302,27.5302079631581],[-97.8779382950463,27.5303722260309],[-97.8778362194805,27.521615151025],[-97.8822926394342,27.5215245756566],[-97.8822873241026,27.5210607172921],[-97.8836751313851,27.5210330930038],[-97.883683294376,27.5224867592695],[-97.885619994755,27.5224899960687]]]},"properties":{"OBJECTID":135,"GID":155,"SCHOOL_NM":"Texas A&M University - Kingsville","GRID_OP":null,"CREATE_DT":null,"CREATE_NM":null,"EDIT_DT":null,"EDIT_NM":null}},{"type":"Feature","id":136,"geometry":{"type":"Polygon","coordinates":[[[-95.9028262465344,33.2423406129779],[-95.9086831804401,33.2424015956498],[-95.9086838200406,33.2412771606932],[-95.9087720624493,33.2391744255455],[-95.9088732962936,33.2373088287484],[-95.91192298775,33.237407560102],[-95.9119875622459,33.2384039280157],[-95.9120463974054,33.2399349949048],[-95.9119622108903,33.2414238317118],[-95.9118146931475,33.2424894039207],[-95.9116479514578,33.2434976356189],[-95.9115426392621,33.2441218983326],[-95.9111571146815,33.2469022688135],[-95.9109898852065,33.2472645885892],[-95.9102503327758,33.2473104657623],[-95.90996999822,33.2473099954661],[-95.9099399998794,33.247310000725],[-95.9084000018182,33.2472899973609],[-95.9084400011029,33.2460200027516],[-95.9060573698304,33.2459785123953],[-95.9061263424779,33.2448239109536],[-95.902803471547,33.2447798844139],[-95.9028262465344,33.2423406129779]]]},"properties":{"OBJECTID":136,"GID":156,"SCHOOL_NM":"Texas A&M University - Commerce","GRID_OP":null,"CREATE_DT":null,"CREATE_NM":null,"EDIT_DT":null,"EDIT_NM":null}},{"type":"Feature","id":137,"geometry":{"type":"Polygon","coordinates":[[[-95.3656099973956,29.7209499975499],[-95.3626436255802,29.7246989865511],[-95.3623513497193,29.724489926963],[-95.3622350331614,29.7243746782185],[-95.3620746901714,29.7242003971327],[-95.3619670782886,29.7240660921164],[-95.3618330963606,29.7239398478896],[-95.3616207148645,29.7238178770007],[-95.3609075136143,29.7235823764756],[-95.3590572823697,29.7230012254655],[-95.3586869707584,29.7229078255896],[-95.3584887422196,29.7228834005919],[-95.3582195575532,29.7228615476679],[-95.3577568389436,29.7228415959099],[-95.3571519448723,29.7227123638109],[-95.3562288441712,29.7225279108454],[-95.3542161265563,29.7219280070971],[-95.3551964768905,29.7194547167751],[-95.35449407339,29.7193146634682],[-95.3529015445459,29.7188289097767],[-95.3536878704568,29.7168465140696],[-95.3588249304265,29.7183959012829],[-95.3617296158297,29.7192902500784],[-95.3626631971753,29.719584505417],[-95.3638697109586,29.7199841573899],[-95.3639952038072,29.7199814760153],[-95.3656099973956,29.7209499975499]]]},"properties":{"OBJECTID":137,"GID":157,"SCHOOL_NM":"Texas Southern University","GRID_OP":null,"CREATE_DT":null,"CREATE_NM":null,"EDIT_DT":null,"EDIT_NM":null}},{"type":"Feature","id":138,"geometry":{"type":"Polygon","coordinates":[[[-97.1272326755318,33.2222751903823],[-97.1299158687253,33.2223164905886],[-97.1298698381518,33.2255988259723],[-97.1298327071878,33.2262054701676],[-97.1299006548576,33.2266267675871],[-97.1300874244867,33.2268881874601],[-97.1304410561797,33.2271413707141],[-97.1310072822696,33.2272587576283],[-97.1321585020523,33.2273154901343],[-97.1320709324818,33.2308331304487],[-97.1316472375864,33.2308290983646],[-97.1271156511014,33.2307677875185],[-97.1262202472571,33.2307727175451],[-97.1259012141772,33.2307744713451],[-97.1253370083984,33.2307775837013],[-97.1246917638012,33.230852818228],[-97.1246100027373,33.2256099994056],[-97.124610001839,33.2255800041935],[-97.1245538346758,33.2245764105902],[-97.1260100001581,33.2246000013941],[-97.1272073169896,33.2246060905303],[-97.1272757174103,33.2231801156851],[-97.1272326755318,33.2222751903823]]]},"properties":{"OBJECTID":138,"GID":158,"SCHOOL_NM":"Texas Woman's University","GRID_OP":null,"CREATE_DT":null,"CREATE_NM":null,"EDIT_DT":null,"EDIT_NM":null}},{"type":"Feature","id":139,"geometry":{"type":"Polygon","coordinates":[[[-97.1302841465507,32.7258967023033],[-97.1287364418427,32.7258953639186],[-97.1278700032764,32.7259100007523],[-97.1277199972004,32.7259099939508],[-97.127679998814,32.7259099954623],[-97.1275686032272,32.7259641973719],[-97.1275431000563,32.7271838162663],[-97.1275285644167,32.7278794740966],[-97.1275160859191,32.7284758486406],[-97.1275769512712,32.728710203969],[-97.127624273622,32.7299058609564],[-97.127581472492,32.7306944555365],[-97.1274756159172,32.7307262024831],[-97.1253591680398,32.7306834407164],[-97.1236500019392,32.7305900005888],[-97.1235904948399,32.7307586189522],[-97.1235607632989,32.7310947597439],[-97.123535128974,32.7313845438442],[-97.1235152124258,32.7316097629828],[-97.1235082980931,32.7326163145005],[-97.1235179594739,32.7343161446523],[-97.1220919585206,32.7343432113184],[-97.1204545345735,32.7343391708526],[-97.1170751299668,32.7342672230247],[-97.1167589571228,32.7342369833534],[-97.116660750601,32.7342236294726],[-97.1165099971267,32.7341999994763],[-97.11644653744,32.7342251649574],[-97.1164001313708,32.7342428683699],[-97.1163620428027,32.7342573950193],[-97.1163307490915,32.7342693275144],[-97.11629913558,32.7342739332108],[-97.116241934456,32.7342822597348],[-97.1161816018049,32.7342910479612],[-97.1145345443247,32.7342713133668],[-97.1145503825215,32.735705082694],[-97.1128528990111,32.7356847854612],[-97.1128817780509,32.7349813691223],[-97.1128690606014,32.7337125639478],[-97.1109471222375,32.7336965901275],[-97.1071785845178,32.7337327565936],[-97.107202746504,32.732970197292],[-97.1072192305895,32.731297615363],[-97.1072293060937,32.7310695752428],[-97.1072006929552,32.7307173829223],[-97.1069859111607,32.7301033297221],[-97.10662984144,32.7289976047978],[-97.1065619979748,32.7287869081119],[-97.1064468600065,32.7283406884437],[-97.1064618789397,32.7264509225747],[-97.1064297704565,32.7262691200965],[-97.1063899993439,32.7261399970283],[-97.1063291007542,32.7260372220029],[-97.1062661513107,32.7259248446516],[-97.106208931322,32.7258344360318],[-97.1060792729855,32.725656045149],[-97.105964607531,32.7254983033673],[-97.1055997046761,32.7250259877583],[-97.1054399985916,32.7248499954611],[-97.1047599999727,32.7243100040616],[-97.1047299998355,32.7242800043596],[-97.104760000871,32.7242800036038],[-97.1049700036283,32.7242899989712],[-97.1051700036448,32.7242799998252],[-97.1052999988495,32.7242700037009],[-97.1054200092799,32.7242399949166],[-97.1056699951521,32.7241499957095],[-97.1058700041518,32.7240800000421],[-97.1060599960378,32.7239999998521],[-97.1061900020223,32.7239399979621],[-97.1063299999678,32.7238699953282],[-97.1064699961166,32.7237999956622],[-97.1088500007152,32.7237900009957],[-97.1089074578591,32.7224592984386],[-97.1088799972592,32.7211099978555],[-97.1127699988835,32.7211400016471],[-97.1127718835489,32.7251284843297],[-97.1146023877899,32.725130332843],[-97.1145877452507,32.7272661245638],[-97.1145600016815,32.7282600028759],[-97.1162900033068,32.7282600021203],[-97.1171999993846,32.7282900027502],[-97.1172299950302,32.7282900042617],[-97.1172200012727,32.7295799961073],[-97.1186199977952,32.7295699952874],[-97.1186200022868,32.7295599990005],[-97.1186200004902,32.729549996667],[-97.1186199986935,32.7295399950881],[-97.1186300041292,32.7295399958438],[-97.1186300023326,32.7295299995537],[-97.1186400050732,32.7295199964611],[-97.1186500006274,32.72951000168],[-97.118660006063,32.7295100009243],[-97.1186699926341,32.7295100009243],[-97.1197000054304,32.7293999962919],[-97.120380003151,32.7293999925134],[-97.1204699999694,32.7293999978033],[-97.1210400043734,32.7293400025701],[-97.1211099966088,32.729330000212],[-97.1215300030215,32.729309998515],[-97.1236800002798,32.72926000181],[-97.1237000039646,32.7260899955227],[-97.1251622537363,32.7260966670268],[-97.1256993259019,32.7260931551918],[-97.1262367142746,32.7260896395781],[-97.1265100006487,32.7260599979309],[-97.1268400030565,32.7259999981829],[-97.1273074135668,32.7259177499301],[-97.1275700683795,32.7258943535175],[-97.1276599421287,32.7258944298455],[-97.1277453377762,32.7212215129044],[-97.1319339789268,32.7212648520769],[-97.1319213279527,32.7232469628146],[-97.1303205570658,32.7232381508271],[-97.1303439132632,32.7238140418512],[-97.1302841465507,32.7258967023033]]]},"properties":{"OBJECTID":139,"GID":159,"SCHOOL_NM":"The University of Texas at Arlington","GRID_OP":null,"CREATE_DT":null,"CREATE_NM":null,"EDIT_DT":null,"EDIT_NM":null}},{"type":"Feature","id":140,"geometry":{"type":"Polygon","coordinates":[[[-96.7459537952787,32.9932415669586],[-96.7458341944801,32.9930805285402],[-96.7456709202873,32.9929188260375],[-96.7452136113324,32.9924601200784],[-96.7445653304295,32.9917582317918],[-96.7438221128725,32.9909491699932],[-96.7435766643907,32.9905715891079],[-96.7434288798484,32.9902591240937],[-96.7433751417298,32.9900494343584],[-96.7433591247683,32.9897880389878],[-96.7432877958398,32.9888619888419],[-96.7432590219029,32.9879282651965],[-96.7433497086275,32.9870567317041],[-96.7435455153083,32.9861894047334],[-96.7438899958635,32.9851499999493],[-96.7445273649306,32.9835971301589],[-96.7448171928824,32.9828725464532],[-96.7449499935257,32.9825899990853],[-96.7450300037731,32.9822199977421],[-96.7450976648803,32.9818540278239],[-96.7451472572739,32.981491843724],[-96.7451603906434,32.9809930760361],[-96.745151733579,32.9804431337134],[-96.7450580545662,32.9801091850131],[-96.7448517914955,32.9797365455973],[-96.7447367110194,32.9794046228254],[-96.7446900076078,32.9792700018519],[-96.74464576558,32.978557642524],[-96.7446567402979,32.9781819423134],[-96.7503099973826,32.9782499985654],[-96.7555514811142,32.9782139519911],[-96.7558279232698,32.9791648700723],[-96.7562500559949,32.97984017786],[-96.7566757945575,32.9802914740988],[-96.7570933404847,32.9808677435299],[-96.7572260054825,32.9812152728715],[-96.7574133401519,32.9817615330791],[-96.7574573522109,32.9820521806806],[-96.7574141189912,32.9827993086732],[-96.7572992271613,32.9832087053659],[-96.7566344477999,32.9843361296207],[-96.7564678103147,32.9848891122586],[-96.7564715715608,32.9855560868572],[-96.756466104414,32.9864315044214],[-96.7564356793736,32.9929638937007],[-96.7471840335687,32.9929524239204],[-96.746938884226,32.9929650766182],[-96.7465627874643,32.9930350706495],[-96.746340165174,32.9930990603863],[-96.7459537952787,32.9932415669586]]]},"properties":{"OBJECTID":140,"GID":160,"SCHOOL_NM":"The University of Texas at Dallas","GRID_OP":null,"CREATE_DT":null,"CREATE_NM":null,"EDIT_DT":null,"EDIT_NM":null}},{"type":"Feature","id":141,"geometry":{"type":"Polygon","coordinates":[[[-96.8471330633452,32.8132440982884],[-96.8471403585636,32.8134215073973],[-96.8471927734638,32.8135917461227],[-96.847281057195,32.8137752585253],[-96.847135894835,32.8138494764895],[-96.8464952020013,32.8141496786703],[-96.8455908473436,32.814506033058],[-96.845435873584,32.8142477504455],[-96.8452925473804,32.8140337357847],[-96.8449105576705,32.8136282734786],[-96.8446725580191,32.8132099950205],[-96.8450831312231,32.8125877883364],[-96.8471330633452,32.8132440982884]]]},"properties":{"OBJECTID":141,"GID":161,"SCHOOL_NM":"The University of Texas at Dallas Callier Center Campus","GRID_OP":null,"CREATE_DT":null,"CREATE_NM":null,"EDIT_DT":null,"EDIT_NM":null}},{"type":"Feature","id":142,"geometry":{"type":"Polygon","coordinates":[[[-98.1731599985036,26.3090300024297],[-98.1678999995958,26.3082699975336],[-98.168540001625,26.3044999986564],[-98.1685400025233,26.3044699981479],[-98.1685500007724,26.304450004247],[-98.1685500034673,26.3044300014843],[-98.1685600017165,26.3044100027447],[-98.1685600044114,26.3043899999751],[-98.1685699972706,26.3043700012286],[-98.1685800036046,26.3043499968415],[-98.1685800045029,26.3043299996987],[-98.1685899982604,26.3043100009418],[-98.1685999974079,26.3042900021815],[-98.1685999938146,26.3042699993912],[-98.1686099983519,26.3042499998187],[-98.1686199983977,26.3042299962162],[-98.1686299966468,26.3042100071056],[-98.1686399975908,26.304190002691],[-98.1686500021281,26.3041699982729],[-98.1686600012756,26.3041499986831],[-98.1686699995247,26.3041299998951],[-98.1686799995704,26.3041099954666],[-98.1686900050061,26.3040900071407],[-98.1687000059501,26.3040800012996],[-98.1687099943178,26.3040599960572],[-98.1687300024941,26.3040400004749],[-98.168739994455,26.3040200008627],[-98.1687499998906,26.3039999972205],[-98.1687599954448,26.3039899962034],[-98.1687800027228,26.3039699998038],[-98.1687899973787,26.3039500050113],[-98.1688100010634,26.3039399967422],[-98.1688200056007,26.3039200027498],[-98.1688399967091,26.3039000023116],[-98.1688499985514,26.3038900012859],[-98.1688699995412,26.3038699992319],[-98.168879999587,26.3038499995904],[-98.1688999969835,26.3038400017815],[-98.1689100015208,26.3038199981083],[-98.1689300061039,26.3038099994916],[-98.1689499963139,26.3037899982291],[-98.168970000897,26.3037800004151],[-98.1689800027393,26.3037699945472],[-98.1689999983392,26.3037499981096],[-98.169020002024,26.3037400002922],[-98.1690399994205,26.3037200038494],[-98.169060002207,26.3037100011976],[-98.1690699986595,26.3037000001555],[-98.169089996056,26.3036899966966],[-98.1691099979441,26.3036700002452],[-98.169129996239,26.3036599967838],[-98.1694500021943,26.3034699968869],[-98.169469994201,26.3034599990453],[-98.1694899978857,26.3034500012029],[-98.1695099997738,26.3034299998782],[-98.1695299980687,26.3034200020332],[-98.1695500026517,26.3034099985502],[-98.1695699928618,26.3033899964133],[-98.1695899956482,26.303380004202],[-98.1696100038245,26.3033599972281],[-98.1696300021194,26.3033499985717],[-98.1696500040075,26.3033299972298],[-98.1696599986633,26.3033200025974],[-98.1696799960599,26.3032999956132],[-98.1696999970497,26.3032799982892],[-98.1697199953445,26.3032699947941],[-98.1697299998819,26.3032500063233],[-98.1697500026683,26.303229999327],[-98.1697700000648,26.3032200006594],[-98.1697800055004,26.3032000025163],[-98.1697999948122,26.3031800003433],[-98.1698100002478,26.3031599957508],[-98.1698299958477,26.3031400048451],[-98.16984000308,26.3031300037538],[-98.1698499959392,26.3031100055953],[-98.1698700032172,26.3030899985748],[-98.1698800014663,26.3030699979934],[-98.1698900006137,26.3030499990191],[-98.1699100034002,26.3030299976255],[-98.1699199962594,26.3030099986443],[-98.1699300007967,26.3029900036862],[-98.1699399945542,26.3029699998663],[-98.1699499990916,26.3029499952376],[-98.1699600027306,26.3029300010744],[-98.1699699955898,26.3029099972442],[-98.1699800010254,26.302889997437],[-98.1699900001729,26.3028700032635],[-98.1700000020152,26.3028400015278],[-98.1700100011627,26.3028199960713],[-98.1700200057,26.3028000018858],[-98.1700299994575,26.3027800028649],[-98.1700300012541,26.3027600006194],[-98.1700400004016,26.3027400023969],[-98.1700499977524,26.3027200017551],[-98.1700499977524,26.3026899967593],[-98.1700599968998,26.3026699969142],[-98.1700599995947,26.302650005924],[-98.1700700032337,26.3026300020454],[-98.1700699969455,26.3026000010529],[-98.1700800023812,26.3025799971656],[-98.1700799978896,26.3025600005227],[-98.1700687482873,26.3025441576644],[-98.1701421074083,26.3025604144519],[-98.1704487643986,26.302626956366],[-98.1744199818094,26.3032575415609],[-98.1782396237873,26.3037929085874],[-98.1775667874362,26.307095704184],[-98.1816154342345,26.3076854932425],[-98.1809502443431,26.3113656443902],[-98.1769081435682,26.3107835239612],[-98.1765915107867,26.3125563326452],[-98.1763793421913,26.3137442322245],[-98.1744821407354,26.313460975431],[-98.174651497421,26.3122752438805],[-98.1732025040879,26.3120653041724],[-98.173549166651,26.310298454922],[-98.1731663567792,26.3102129061132],[-98.1729709013397,26.3101134834658],[-98.1729800048668,26.3100000017349],[-98.1731599985036,26.3090300024297]]]},"properties":{"OBJECTID":142,"GID":162,"SCHOOL_NM":"The University of Texas - Pan American","GRID_OP":null,"CREATE_DT":null,"CREATE_NM":null,"EDIT_DT":null,"EDIT_NM":null}},{"type":"Feature","id":143,"geometry":{"type":"Polygon","coordinates":[[[-106.504877027486,31.7769872298523],[-106.504613603716,31.7771660784773],[-106.503328002255,31.775699821732],[-106.504717395962,31.7748317261616],[-106.502187143641,31.7719170135768],[-106.500779198824,31.7728222719922],[-106.500327202506,31.7723000070461],[-106.500132114478,31.7719862081449],[-106.498950003429,31.770650006245],[-106.49974793737,31.770074726207],[-106.499100958126,31.7692893107109],[-106.500054376968,31.7687261036553],[-106.500345273016,31.7685909730131],[-106.500788742526,31.7682945166112],[-106.501623351985,31.7677365450344],[-106.500985275046,31.7670115272069],[-106.501852345127,31.7664507502817],[-106.503123861903,31.7656167230729],[-106.503407837331,31.7654294729402],[-106.503937332207,31.7651593698563],[-106.504240147103,31.7650892215925],[-106.504707477663,31.7650703643591],[-106.505239074597,31.7651706307228],[-106.505600092238,31.7653261693918],[-106.506449391847,31.7662749519789],[-106.506722286556,31.7664562362881],[-106.506551216783,31.7667864844124],[-106.506533329529,31.7671262789106],[-106.507020237074,31.768008043578],[-106.507530380443,31.7688206785673],[-106.509314758889,31.7708815777816],[-106.509722930896,31.7715630615189],[-106.509737958812,31.7720089985656],[-106.509429358766,31.7736440052922],[-106.508943265993,31.774428827093],[-106.508869720921,31.7753356211164],[-106.508824500628,31.7757552956344],[-106.508651309034,31.7761302203257],[-106.508281259731,31.7763809729074],[-106.507165098499,31.7767670598233],[-106.507365394959,31.7777935117775],[-106.507222675119,31.7799057375506],[-106.505048629062,31.7794064821806],[-106.504670644041,31.7786842950161],[-106.503855379802,31.7776808672498],[-106.504613603716,31.7771660784773],[-106.504629829086,31.7771845842529],[-106.504877027486,31.7769872298523]]]},"properties":{"OBJECTID":143,"GID":163,"SCHOOL_NM":"The University of Texas at El Paso","GRID_OP":null,"CREATE_DT":null,"CREATE_NM":null,"EDIT_DT":null,"EDIT_NM":null}},{"type":"Feature","id":144,"geometry":{"type":"Polygon","coordinates":[[[-95.2450000035453,32.3133800020502],[-95.2501799993923,32.3124500014153],[-95.2531999979353,32.3119099991878],[-95.2548200026506,32.3116899998319],[-95.2560706856982,32.3115921811713],[-95.2571177548069,32.3115685126565],[-95.2595799983731,32.3115700022357],[-95.2596059210572,32.314867393774],[-95.2595632528779,32.3164026961034],[-95.2595264551889,32.3165717473322],[-95.2594909932947,32.3166937850297],[-95.259435220492,32.3168388269507],[-95.2593623159185,32.3169769677902],[-95.2592809303504,32.3171152670852],[-95.2592054386288,32.3172110922814],[-95.2591109169963,32.3173144422353],[-95.2589836113475,32.3174374984913],[-95.2588194855519,32.3175995422223],[-95.2586938786173,32.3177235462857],[-95.2586467700655,32.317782834627],[-95.2584964909016,32.3179719577769],[-95.2584073376012,32.3181391901669],[-95.2583681746481,32.3182695188006],[-95.2583393297443,32.3184331651419],[-95.2548614616976,32.3184547092602],[-95.2544729232693,32.3185192702237],[-95.2539125667714,32.3188389610612],[-95.2533951308796,32.3191482473633],[-95.2523987554991,32.3197530033778],[-95.2529057107465,32.3204442199565],[-95.2522919296421,32.3206858190702],[-95.2518855003665,32.3200674077402],[-95.2510941313136,32.3205138900305],[-95.2502953403798,32.3193965069128],[-95.2501115477676,32.3191519520209],[-95.2490977558504,32.3179695922311],[-95.2488340850431,32.3176936322179],[-95.2478688803047,32.3166070048264],[-95.2450000035453,32.3133800020502]]]},"properties":{"OBJECTID":144,"GID":164,"SCHOOL_NM":"The University of Texas at Tyler","GRID_OP":null,"CREATE_DT":null,"CREATE_NM":null,"EDIT_DT":null,"EDIT_NM":null}},{"type":"Feature","id":145,"geometry":{"type":"Polygon","coordinates":[[[-97.7642961178332,30.4568907679231],[-97.7643072102303,30.456415338382],[-97.7644347153051,30.4559929048232],[-97.7649714191615,30.4556795538117],[-97.7656864996872,30.4552843934839],[-97.7661244113202,30.455003281197],[-97.7661907267511,30.4546816992689],[-97.7663989849801,30.4541587577679],[-97.7667248425612,30.4536378733201],[-97.7671470965588,30.4531866189832],[-97.7676821996174,30.4529411813919],[-97.7693599516325,30.4524609081143],[-97.7696586756004,30.452262283162],[-97.7695161147615,30.4516482779685],[-97.7695244142964,30.45129170369],[-97.7697831407763,30.4511263578898],[-97.7697154176853,30.4506665424713],[-97.7708717183393,30.4506867351298],[-97.771512294392,30.4501203710957],[-97.7726513554773,30.4500383291572],[-97.7725478417088,30.4502743340012],[-97.772521532749,30.4505626479826],[-97.7726312287233,30.450904291303],[-97.7728197150329,30.4512303268945],[-97.7731461834684,30.4515247898825],[-97.7735302626597,30.4518712233498],[-97.7740542984739,30.452101182696],[-97.7746590973238,30.452230633664],[-97.77549749947,30.4524320929588],[-97.7758663306577,30.4525914001611],[-97.7761876894759,30.4531065914847],[-97.7642961178332,30.4568907679231]]]},"properties":{"OBJECTID":145,"GID":165,"SCHOOL_NM":"Concordia University","GRID_OP":null,"CREATE_DT":null,"CREATE_NM":null,"EDIT_DT":null,"EDIT_NM":null}},{"type":"Feature","id":146,"geometry":{"type":"Polygon","coordinates":[[[-97.7982137379471,31.116669447829],[-97.7998117033953,31.1126025205844],[-97.7984586842705,31.1115538819915],[-97.7993753853736,31.1098582612208],[-97.8015227101439,31.1105996626594],[-97.80344312766,31.1110351474626],[-97.8041227867157,31.1120030785586],[-97.8044012437926,31.1126118258732],[-97.8045019476309,31.1133182022248],[-97.8047200621751,31.1165432199329],[-97.7982137379471,31.116669447829]]]},"properties":{"OBJECTID":146,"GID":166,"SCHOOL_NM":"Texas A&M University - Central Texas","GRID_OP":null,"CREATE_DT":null,"CREATE_NM":null,"EDIT_DT":null,"EDIT_NM":null}},{"type":"Feature","id":147,"geometry":{"type":"Polygon","coordinates":[[[-98.1680446975268,26.3083474209976],[-98.1686555851576,26.3043629363569],[-98.1689656476611,26.3038348712101],[-98.1697558893283,26.3032434672475],[-98.1700814235159,26.3025059682573],[-98.1824857319633,26.3042737931491],[-98.1817315531631,26.3077478520389],[-98.1780222871841,26.3072040084095],[-98.1766254194937,26.3136778867285],[-98.1747338702376,26.3133005976833],[-98.1747098349139,26.3124971394217],[-98.1749607640172,26.3114882635395],[-98.17553687966,26.3096462094894],[-98.1680446975268,26.3083474209976]]]},"properties":{"OBJECTID":147,"GID":167,"SCHOOL_NM":"University of Texas - Pan American","GRID_OP":null,"CREATE_DT":null,"CREATE_NM":null,"EDIT_DT":null,"EDIT_NM":null}},{"type":"Feature","id":148,"geometry":{"type":"Polygon","coordinates":[[[-95.1156182223553,29.5730765896851],[-95.110683555514,29.5822489746441],[-95.1089921005976,29.5843818686901],[-95.1072940062328,29.5848047079629],[-95.104436715944,29.5842056388507],[-95.1031791383267,29.5836396456278],[-95.1054676549034,29.5796692410424],[-95.1014629788415,29.5785540645361],[-95.1050710846381,29.5706659601057],[-95.1094608028853,29.5723393775368],[-95.1102324629008,29.5709144492301],[-95.1156182223553,29.5730765896851]]]},"properties":{"OBJECTID":148,"GID":168,"SCHOOL_NM":"University of Houston - Clear Lake","GRID_OP":null,"CREATE_DT":null,"CREATE_NM":null,"EDIT_DT":null,"EDIT_NM":null}},{"type":"Feature","id":149,"geometry":{"type":"Polygon","coordinates":[[[-96.8057685775109,32.6595474159957],[-96.8049568975494,32.6595275831901],[-96.8047170590467,32.66112515664],[-96.8041034899447,32.6611463254219],[-96.8040336881522,32.6606864956372],[-96.8026690969299,32.6605808001195],[-96.8027800783934,32.6577503715438],[-96.8038049267752,32.6577874861853],[-96.8034348613023,32.6573564837658],[-96.8034402107698,32.6571998873138],[-96.8035440021177,32.6570818636792],[-96.8033155084387,32.6566784321216],[-96.8032248881895,32.656410983562],[-96.803615526879,32.6562396978674],[-96.8043043765984,32.6560998102101],[-96.8057010825921,32.6560977757264],[-96.8057685775109,32.6595474159957]]]},"properties":{"OBJECTID":149,"GID":169,"SCHOOL_NM":"University of North Texas at Dallas","GRID_OP":null,"CREATE_DT":null,"CREATE_NM":null,"EDIT_DT":null,"EDIT_NM":null}},{"type":"Feature","id":150,"geometry":{"type":"Polygon","coordinates":[[[-100.463909056758,28.714469086188],[-100.462191605495,28.7218361355406],[-100.461237304508,28.7216806187193],[-100.460465118079,28.7218879224356],[-100.460493147313,28.7223648991958],[-100.459617116536,28.7224135496569],[-100.458583041558,28.7217357845231],[-100.457368897484,28.7211268186427],[-100.457491791507,28.7198541490694],[-100.457149096802,28.7182196819241],[-100.455620242342,28.7164304997012],[-100.454895178839,28.7156834285085],[-100.451846006609,28.7138997107486],[-100.452250519778,28.7122171059522],[-100.451676866417,28.7107652131169],[-100.451869016955,28.7077430078202],[-100.457184449102,28.7092685885095],[-100.465013727639,28.7090932999281],[-100.465162219155,28.7070583259667],[-100.466013747485,28.7073050709483],[-100.469132417877,28.7074524717394],[-100.469217913237,28.7091560140058],[-100.469189330641,28.713926938023],[-100.463909056758,28.714469086188]]]},"properties":{"OBJECTID":150,"GID":170,"SCHOOL_NM":"Sul Ross State University - Rio Grande College","GRID_OP":null,"CREATE_DT":null,"CREATE_NM":null,"EDIT_DT":null,"EDIT_NM":null}},{"type":"Feature","id":151,"geometry":{"type":"Polygon","coordinates":[[[-95.3601429457979,29.7630051262227],[-95.3594698543252,29.7637068465904],[-95.3577868813016,29.7627053882578],[-95.3583799885781,29.7619719072642],[-95.3601429457979,29.7630051262227]]]},"properties":{"OBJECTID":151,"GID":171,"SCHOOL_NM":"University of Houston - Downtown","GRID_OP":null,"CREATE_DT":null,"CREATE_NM":null,"EDIT_DT":null,"EDIT_NM":null}},{"type":"Feature","id":152,"geometry":{"type":"Polygon","coordinates":[[[-101.887912673468,33.5923403486676],[-101.887934477377,33.5907906939126],[-101.887946834602,33.5879193018351],[-101.887993104127,33.5876854429421],[-101.888034635039,33.5874755997185],[-101.888296993408,33.5869325540914],[-101.888506481431,33.5864641104158],[-101.888556448422,33.5863533435624],[-101.888701237981,33.5859264951706],[-101.888776014643,33.5856249276254],[-101.88880164268,33.5854211537666],[-101.888801913073,33.5850941097002],[-101.888771049655,33.5849434095433],[-101.895970123189,33.5847916950983],[-101.895935441931,33.5923428861269],[-101.887912673468,33.5923403486676]]]},"properties":{"OBJECTID":152,"GID":140,"SCHOOL_NM":"Texas Tech University Health Sciences Center at Lubbock","GRID_OP":null,"CREATE_DT":null,"CREATE_NM":null,"EDIT_DT":null,"EDIT_NM":null}},{"type":"Feature","id":153,"geometry":{"type":"Polygon","coordinates":[[[-95.3943888309779,29.70654825697],[-95.3946367633013,29.7062167444045],[-95.3951062713779,29.7050015879441],[-95.3957008267385,29.704190817179],[-95.3962699840312,29.7045192512452],[-95.3964298257613,29.7045807653611],[-95.396771264621,29.7046079343372],[-95.3988024947172,29.704608707584],[-95.3989595543649,29.7046243792889],[-95.3990646464733,29.7046691370716],[-95.3991128833091,29.7047803931821],[-95.3991169427959,29.7049407349718],[-95.3991019867448,29.7062419880453],[-95.4028831359128,29.7062300844519],[-95.4028424880445,29.7036999661138],[-95.4028104981389,29.7035432896472],[-95.4027489824066,29.703347621624],[-95.4025013833581,29.7025619369396],[-95.4044098362129,29.7024650777671],[-95.4045556561397,29.7034439033198],[-95.4041391324953,29.7034443433966],[-95.403838880493,29.7034906989341],[-95.403448200481,29.7035705049404],[-95.4030460588643,29.7036564547811],[-95.4032191372701,29.7062301492132],[-95.403017172638,29.7062301031781],[-95.4030172445032,29.7065299607901],[-95.4029530140621,29.7069317589271],[-95.40286967376,29.7071638693207],[-95.4026945930094,29.7074385299664],[-95.4008697328834,29.7097213309197],[-95.3999709621534,29.7108753530677],[-95.4006605907122,29.711273384873],[-95.4008754425753,29.7114882370036],[-95.3974219233644,29.7158921600453],[-95.3964339265706,29.7153123719624],[-95.3949165085623,29.714423972585],[-95.3943272829062,29.7140492389969],[-95.3940941709883,29.7138505619381],[-95.3939078388388,29.7136433280446],[-95.3937754298608,29.7134143479705],[-95.3936540216519,29.7130354536887],[-95.3935764027197,29.7126955269499],[-95.394315081988,29.7117740772039],[-95.3924293053059,29.7105692323191],[-95.3929081289119,29.7099594441783],[-95.3924000049563,29.7088800013103],[-95.3917100026983,29.708649996844],[-95.3918499970505,29.7081199978784],[-95.3922010119512,29.7078952255458],[-95.3923670161241,29.707808370348],[-95.3926303644362,29.707650372313],[-95.3928140043347,29.7075397545026],[-95.3930329462274,29.7074188185801],[-95.3934670004946,29.7072328269508],[-95.3937877394752,29.7070476105457],[-95.3939706068226,29.7069234437907],[-95.3943888309779,29.70654825697]]]},"properties":{"OBJECTID":153,"GID":141,"SCHOOL_NM":"The University of Texas Health Science Center at Houston","GRID_OP":null,"CREATE_DT":null,"CREATE_NM":null,"EDIT_DT":null,"EDIT_NM":null}},{"type":"Feature","id":154,"geometry":{"type":"Polygon","coordinates":[[[-95.39906157693,29.70798626121],[-95.3957569346129,29.7078909303045],[-95.3957239358992,29.7070003117666],[-95.3964025035019,29.7069023840289],[-95.3969529192428,29.7066591934357],[-95.3975341894187,29.706684997187],[-95.3983881773352,29.7071043823154],[-95.3988303379995,29.7072948169165],[-95.3990780143031,29.7073160076776],[-95.39906157693,29.70798626121]]]},"properties":{"OBJECTID":154,"GID":142,"SCHOOL_NM":"The University of Texas M.D. Anderson Cancer Center","GRID_OP":null,"CREATE_DT":null,"CREATE_NM":null,"EDIT_DT":null,"EDIT_NM":null}},{"type":"Feature","id":155,"geometry":{"type":"Polygon","coordinates":[[[-95.3974219233644,29.7158921600453],[-95.396488433647,29.7153443580225],[-95.3943272829062,29.7140492389969],[-95.3938949569976,29.7136210518014],[-95.3937754298608,29.7134143479705],[-95.3935764027197,29.7126955269499],[-95.3933987662622,29.712209521209],[-95.3931689331951,29.7117874477215],[-95.3929677518939,29.7114797069049],[-95.3926808317888,29.7111627593505],[-95.3922701633634,29.7107659980872],[-95.3912446906525,29.7102043261105],[-95.3910815601902,29.7097869045012],[-95.3909677661016,29.7094860329511],[-95.3910101575998,29.7088523200945],[-95.39096452498,29.7086859065004],[-95.3918499970505,29.7081199978784],[-95.3939783592835,29.7069164816092],[-95.3945502088271,29.706332478249],[-95.3946367633013,29.7062167444045],[-95.3991019867448,29.7062419880453],[-95.3991134447562,29.704781704032],[-95.3990646464733,29.7046691370716],[-95.3992047108941,29.7043619237501],[-95.3995512827274,29.7041313853725],[-95.4005958221802,29.7041764882554],[-95.4007704160439,29.7041840233469],[-95.401330340452,29.7041240234978],[-95.4018599583975,29.7039132473702],[-95.4028102259494,29.7035419467897],[-95.402841817003,29.7036962699453],[-95.4031645691082,29.7036311301219],[-95.4041391324953,29.7034443433966],[-95.4045556561397,29.7034439033198],[-95.4053296472834,29.7035682351139],[-95.4065081093755,29.7041427414632],[-95.4072892933297,29.7046290538806],[-95.4076251186172,29.7051559759596],[-95.407861501301,29.7056610815199],[-95.4078445932108,29.7062185296318],[-95.4050660627145,29.7062460539617],[-95.3974219233644,29.7158921600453]]]},"properties":{"OBJECTID":155,"GID":143,"SCHOOL_NM":"Texas Medical Center","GRID_OP":null,"CREATE_DT":null,"CREATE_NM":null,"EDIT_DT":null,"EDIT_NM":null}},{"type":"Feature","id":156,"geometry":{"type":"Polygon","coordinates":[[[-94.773236588839,29.3142861346555],[-94.7720413983198,29.3110783690466],[-94.7746273875113,29.3104217314705],[-94.7743873082601,29.3101972156502],[-94.7740820436585,29.3096401667868],[-94.7769980765804,29.3088955087436],[-94.7797968056959,29.3081362964668],[-94.7801025508961,29.309032167513],[-94.7835148500118,29.308133930808],[-94.784379085909,29.310758261057],[-94.7819480201714,29.3113472164953],[-94.7801741295562,29.3121257563172],[-94.779572979663,29.3124016976867],[-94.7792182035163,29.3125692285382],[-94.7779764766721,29.312864881098],[-94.7781499988456,29.3134600021859],[-94.7784800021518,29.3147700022012],[-94.7784399947823,29.314900002284],[-94.7785499979804,29.3151400056771],[-94.778500001345,29.3152900023219],[-94.7785599998228,29.3155099968454],[-94.777550001491,29.3158000005439],[-94.7739770746193,29.3166628985619],[-94.773236588839,29.3142861346555]]]},"properties":{"OBJECTID":156,"GID":144,"SCHOOL_NM":"The University of Texas Medical Branch ","GRID_OP":null,"CREATE_DT":null,"CREATE_NM":null,"EDIT_DT":null,"EDIT_NM":null}},{"type":"Feature","id":157,"geometry":{"type":"Polygon","coordinates":[[[-96.8465099990507,32.8247099966139],[-96.8394500008922,32.8187999929461],[-96.8415301146113,32.8170400844316],[-96.8417042152999,32.8169999052781],[-96.8418560009385,32.8169775874609],[-96.8420301106103,32.8169865117196],[-96.8422443929415,32.8170311571584],[-96.8424051042408,32.8171561562652],[-96.8426551008928,32.8171740130505],[-96.8428024183112,32.8171829395543],[-96.8429363517301,32.8171650797511],[-96.8430524167598,32.8171293684384],[-96.8431863474838,32.8170891870604],[-96.8434497344234,32.8171338294278],[-96.8436695916993,32.8172839862475],[-96.8442133913481,32.8175182391971],[-96.8439999974507,32.8171499981535],[-96.8439699973135,32.8171099949527],[-96.8439299962322,32.8170400021422],[-96.8439100024289,32.8169800063194],[-96.8438899996425,32.8169099967975],[-96.8438799986984,32.8168399992996],[-96.8438799951052,32.8167699949521],[-96.8438799960035,32.8167000018737],[-96.8439000014849,32.816629994396],[-96.8439299971305,32.8165199977409],[-96.8439400016678,32.8163800013206],[-96.8439400025661,32.8162500063345],[-96.843920000678,32.8161100049591],[-96.8438900005408,32.8159800050482],[-96.8438400039054,32.8158500049471],[-96.8438199993223,32.8158099973862],[-96.8438000028241,32.8157399990218],[-96.8437899991851,32.8156799970364],[-96.8437899973884,32.8156200010502],[-96.8438000019257,32.8155499972514],[-96.8438099965816,32.8154899966476],[-96.8438300056562,32.8154299990232],[-96.8438599923187,32.8153699968285],[-96.8438999978916,32.8153099961032],[-96.8439400016678,32.8152600016333],[-96.8439900018965,32.8152099965659],[-96.8440400003286,32.8151600065696],[-96.8440999997048,32.815119997943],[-96.8437900054733,32.8150799968481],[-96.8437299998089,32.8151000011726],[-96.8436400020922,32.8151200002079],[-96.8435639022112,32.8151175850736],[-96.8434497083723,32.8151020169306],[-96.8433562656164,32.8150864419903],[-96.8432602366109,32.8150812508462],[-96.8431823778286,32.8150708647822],[-96.8430941273351,32.815055298896],[-96.842970000824,32.8150299984741],[-96.8428099982955,32.8149999968692],[-96.842647705063,32.8149644590835],[-96.8425101532301,32.8149488826091],[-96.842201299859,32.8149540752709],[-96.8421234347885,32.8149592649125],[-96.8419703034736,32.8149956022097],[-96.8419002205084,32.8150163630294],[-96.8418197646966,32.8150319447767],[-96.8417574728198,32.8150397262123],[-96.8416718166609,32.8150397247024],[-96.8415939551836,32.8150397231925],[-96.8415212886637,32.8150293476932],[-96.8414400037069,32.8150100024384],[-96.8413599970527,32.8149799993169],[-96.8413200022596,32.8149600010051],[-96.8412699984377,32.8149400011788],[-96.8412600028835,32.814920002103],[-96.8400099926741,32.8138300011219],[-96.8399800006217,32.8138100017963],[-96.8399399977438,32.8137800005345],[-96.8397400040154,32.8136100014978],[-96.8397100047765,32.8135900013677],[-96.8396799974528,32.8135600007866],[-96.8349278179716,32.8100157145982],[-96.8350987116746,32.8098258395098],[-96.8368456160003,32.8083447663749],[-96.8464100021865,32.8119200044456],[-96.8464400014254,32.8119399981566],[-96.8464800061,32.8119499942555],[-96.8469999968005,32.8121199987329],[-96.8493999987956,32.8127500024083],[-96.8494300016278,32.812760002946],[-96.8493999961007,32.8127899985122],[-96.8493099983839,32.8128700042558],[-96.8491800040775,32.8129700041616],[-96.8490100015032,32.8130900042019],[-96.8488400007256,32.8132100033254],[-96.8484899964297,32.8134299994098],[-96.847770001221,32.8138699990046],[-96.8476700025602,32.8139199965214],[-96.8475700092893,32.8139700053348],[-96.8473599975489,32.8140600028575],[-96.8472199969085,32.8141299995256],[-96.84714999569,32.8141800014259],[-96.8470700034089,32.8142400014044],[-96.8470199995869,32.8143100001955],[-96.8469700065448,32.8143699978212],[-96.8468899989923,32.8145099966535],[-96.8467599921094,32.8148000060439],[-96.8466199986555,32.8150799983581],[-96.8465900039082,32.8151799980417],[-96.846580008354,32.8152299985963],[-96.8465699984268,32.8154700037353],[-96.8465800029642,32.8156999974511],[-96.8466000030556,32.8161700021243],[-96.8466100031014,32.8163700004354],[-96.8466100013048,32.8165699982963],[-96.8466100084913,32.8167100049866],[-96.8466000003607,32.8168500023968],[-96.8465499983353,32.8171300010851],[-96.8465099954574,32.8173199987218],[-96.8464899971626,32.8174100011558],[-96.846469999766,32.8174800004694],[-96.8464700051559,32.8175100004819],[-96.8464400050187,32.8175100004819],[-96.8462699979529,32.8175099944424],[-96.8462300013631,32.8175099959522],[-96.8462000003276,32.8175100019918],[-96.8460599987889,32.8175199959542],[-96.8458700024114,32.8175500012378],[-96.8456899961981,32.817589996691],[-96.8455199972171,32.8176500011612],[-96.8453499991344,32.8177299987542],[-96.8451899939109,32.8178200045475],[-96.8447669305313,32.8181647921312],[-96.8496592202473,32.8219878066045],[-96.8465099990507,32.8247099966139]]]},"properties":{"OBJECTID":157,"GID":145,"SCHOOL_NM":"The University of Texas Southwestern Medical Center","GRID_OP":null,"CREATE_DT":null,"CREATE_NM":null,"EDIT_DT":null,"EDIT_NM":null}},{"type":"Feature","id":158,"geometry":{"type":"Polygon","coordinates":[[[-97.3709344945635,32.7496793861146],[-97.370942827336,32.7514149239083],[-97.36986750711,32.7513666802914],[-97.3689654287832,32.7513172376588],[-97.3680687214834,32.7512939612398],[-97.3662489530084,32.7512705178475],[-97.3662839064561,32.7492588636894],[-97.3684565412595,32.7483657930052],[-97.369949644568,32.7477264980138],[-97.3709609319823,32.7477681167863],[-97.3709344945635,32.7496793861146]]]},"properties":{"OBJECTID":158,"GID":146,"SCHOOL_NM":"University of North Texas Health Science Center","GRID_OP":null,"CREATE_DT":null,"CREATE_NM":null,"EDIT_DT":null,"EDIT_NM":null}},{"type":"Feature","id":159,"geometry":{"type":"Polygon","coordinates":[[[-94.0781136615908,30.0499079351801],[-94.0776873301401,30.0494691828065],[-94.0771212423908,30.0488562731433],[-94.0769567842184,30.0484491816598],[-94.0768814874313,30.0482649680051],[-94.0767022807186,30.0480392402021],[-94.0764526380029,30.0477499844177],[-94.076078244447,30.0473524543293],[-94.0755486660274,30.0468174312236],[-94.0750273539051,30.0463818338796],[-94.0741938233227,30.0456464089497],[-94.0714427130021,30.0426500899528],[-94.0710805212627,30.0422418811673],[-94.0712495006559,30.0419962928551],[-94.0727711955432,30.0419755066847],[-94.0728711358135,30.0419631710664],[-94.0729719923654,30.0419012425535],[-94.0729567533449,30.0410647298676],[-94.0729336908966,30.0402299893781],[-94.0729320532678,30.0393460349557],[-94.0729151963815,30.0383782289652],[-94.0729008799309,30.0375725724474],[-94.0728487201522,30.0366899078124],[-94.0729112294212,30.0359273343836],[-94.0729349233852,30.0356844911978],[-94.0727059742603,30.0354177950106],[-94.0724077066365,30.035015395319],[-94.0721864902096,30.034806677312],[-94.0717232083563,30.0345715577573],[-94.0711187382898,30.0342849589187],[-94.0709412060369,30.0342022276956],[-94.0706295580069,30.0340799528745],[-94.0704911069604,30.0339658981649],[-94.0703627547743,30.0338312910878],[-94.070370817154,30.0336614019254],[-94.0704013940096,30.0335012236258],[-94.0704720671679,30.033334432264],[-94.0705275821542,30.0332816029255],[-94.0706644171315,30.0331915557856],[-94.0708358318574,30.0330653950836],[-94.0714607529697,30.032964965382],[-94.0721167162648,30.0328610242356],[-94.0727401991743,30.0327990379275],[-94.0740190057785,30.0327236656852],[-94.0748370161678,30.0326189932401],[-94.0758417889996,30.032431000035],[-94.0762467791741,30.0323386065483],[-94.076542665364,30.0322504973851],[-94.0769651906529,30.0320895709793],[-94.0775853884233,30.0318263173913],[-94.0777644648803,30.0321325597881],[-94.07809860403,30.0327210253692],[-94.0784311459751,30.0333060010154],[-94.0786835878413,30.0337564469105],[-94.0787783592055,30.0339476238285],[-94.0788473075985,30.0341703561695],[-94.0788676014391,30.034317046607],[-94.0788665450203,30.0345341429545],[-94.0788196179282,30.0347740656184],[-94.0787060151807,30.0351324429207],[-94.0786716654009,30.0353234678684],[-94.0786541796939,30.0357689523065],[-94.0786628556229,30.0378228089544],[-94.0786709970543,30.0389765803773],[-94.0786850305357,30.039276864832],[-94.0787152462686,30.0393997779164],[-94.0787829891225,30.0395631871638],[-94.0790191328545,30.0398752302586],[-94.0790988825904,30.0399880759195],[-94.0791425991037,30.04008736158],[-94.079164667117,30.0401876370878],[-94.0791697704461,30.0403276152964],[-94.0790923769912,30.0419062769635],[-94.0790774999917,30.0424777383788],[-94.078880793199,30.0440479465118],[-94.0788832123621,30.0453053706875],[-94.0789081262382,30.0454737422144],[-94.0790010659375,30.0456763576539],[-94.0790389353166,30.0457892208129],[-94.0790567381289,30.0467454374178],[-94.0790813322047,30.0484435737255],[-94.0790779401662,30.0486574385922],[-94.0791055346151,30.0487163023201],[-94.0791424940008,30.0487348383103],[-94.0790761668918,30.0488351524974],[-94.0790560877486,30.0489328749089],[-94.0790785761734,30.0494426075961],[-94.0790803871771,30.0494657987968],[-94.0790431582967,30.049501766336],[-94.0789461806702,30.0495130279614],[-94.078848126862,30.0495666067813],[-94.0782387421126,30.0499901144318],[-94.0782091686752,30.0500062016108],[-94.0781136615908,30.0499079351801]]]},"properties":{"OBJECTID":159,"GID":147,"SCHOOL_NM":"Lamar University","GRID_OP":null,"CREATE_DT":null,"CREATE_NM":null,"EDIT_DT":null,"EDIT_NM":null}},{"type":"Feature","id":160,"geometry":{"type":"Polygon","coordinates":[[[-98.5183784227539,33.869508541184],[-98.5185299936952,33.8693599999473],[-98.5187900011727,33.8690700018424],[-98.518909999925,33.8689199979094],[-98.5190400032146,33.8687700011716],[-98.5191399973838,33.8686500000113],[-98.5192299942023,33.8685399980536],[-98.5193100062463,33.868470001684],[-98.5193599974919,33.8684399990667],[-98.5194200022579,33.86841000166],[-98.5195399992135,33.8683799997675],[-98.5198000030978,33.8683500068151],[-98.519870003418,33.8683300005679],[-98.520209998685,33.8682300065562],[-98.5205500002403,33.8681100083663],[-98.5206899954908,33.8680499954091],[-98.5208199987804,33.8679800068425],[-98.5209099964972,33.8679300036792],[-98.5210199978986,33.8678500043749],[-98.5211100045986,33.8677699982826],[-98.5211800004272,33.8676899995742],[-98.5212199952202,33.8676299967643],[-98.5212599971998,33.8675499979248],[-98.521340001159,33.8673500019898],[-98.5213699968047,33.8672299995793],[-98.5213799977488,33.8672099990368],[-98.5213899986928,33.8671899999815],[-98.5214100023776,33.8671400000849],[-98.521460001708,33.8670100037971],[-98.5215000009926,33.8668800013442],[-98.5215700013128,33.8666099999776],[-98.5216300033839,33.8663399962655],[-98.5216899991668,33.8660699984125],[-98.5217100019532,33.8658900035963],[-98.5217200064905,33.8658000004515],[-98.521730005638,33.8657299973599],[-98.521730002943,33.8656999997469],[-98.5217499922547,33.8656700006315],[-98.5224599972991,33.8649300019594],[-98.5227900024019,33.8649699981406],[-98.5231599978061,33.8650099980326],[-98.5237999989371,33.8647799959733],[-98.5265300006451,33.864629995691],[-98.5265499998382,33.8666199973361],[-98.5243600068885,33.8669199995954],[-98.5243500041479,33.8694399970907],[-98.5243400032038,33.8703400015565],[-98.5243400014072,33.8705499933518],[-98.5252029401371,33.8705472321404],[-98.5252602607371,33.8715353410603],[-98.5246728739323,33.8718880873436],[-98.524449471006,33.8719285926694],[-98.5244976557395,33.8719896142827],[-98.5250855141598,33.8727528297705],[-98.5252232842833,33.8726779985165],[-98.5252512308718,33.874385811444],[-98.5252765247353,33.8747687529463],[-98.5254186687559,33.8751846763073],[-98.525511103602,33.8754559132378],[-98.5255701813067,33.8778576014082],[-98.5252473636245,33.8779533904774],[-98.5235900006714,33.877940001031],[-98.5229070492901,33.8779560239163],[-98.5223835578549,33.8780059100814],[-98.5221100019863,33.8778799979683],[-98.5220499954236,33.8778400026153],[-98.5219755098152,33.8778298357812],[-98.5218615297754,33.8778120661928],[-98.5216890559357,33.8777834182614],[-98.5214818424475,33.8777636968861],[-98.5201737094425,33.8777164634169],[-98.5183999984904,33.8777100009945],[-98.5184200003786,33.8751299995179],[-98.5184932561934,33.8742960432454],[-98.5184400058599,33.8709499973564],[-98.5183904044832,33.8705237439394],[-98.5183879844218,33.8698793206847],[-98.5183784227539,33.869508541184]]]},"properties":{"OBJECTID":160,"GID":148,"SCHOOL_NM":"Midwestern State University","GRID_OP":null,"CREATE_DT":null,"CREATE_NM":null,"EDIT_DT":null,"EDIT_NM":null}},{"type":"Feature","id":161,"geometry":{"type":"Polygon","coordinates":[[[-95.5448400024722,30.7103699988757],[-95.5448000004926,30.7102300029393],[-95.5447799995028,30.7100799980755],[-95.5447900004469,30.7099299929785],[-95.5448200023807,30.7097800023226],[-95.5448799990619,30.7096400001235],[-95.5449600003262,30.7095099980099],[-95.5450600025802,30.7093799995827],[-95.5451900013783,30.709279999604],[-95.5453000000848,30.7091999963026],[-95.5468299989986,30.7083000011235],[-95.546900005607,30.7085499987816],[-95.5469099957713,30.7085800030293],[-95.5469200021052,30.7085999945282],[-95.5470399945693,30.709140000541],[-95.5470399972642,30.7091700030606],[-95.5470500000049,30.709199997075],[-95.5471000038269,30.7093499971285],[-95.5491500006278,30.7093599997498],[-95.5491199995922,30.7105199986545],[-95.5512100010676,30.7105000029197],[-95.5512300029558,30.7115900023068],[-95.5512300020575,30.7119999959124],[-95.5512410495388,30.7124120892554],[-95.5512128639985,30.7128581905287],[-95.551082507671,30.7138903862074],[-95.5510599967882,30.7140500011271],[-95.551090004112,30.714159995967],[-95.5511199907745,30.7142500026747],[-95.5511199952661,30.7142699976322],[-95.5512300002608,30.7146399962746],[-95.5513199970792,30.7150299967926],[-95.5513799955571,30.71540999683],[-95.551419998435,30.7158000011847],[-95.551419998435,30.7158999998096],[-95.5514500075554,30.7158999998096],[-95.5541399974023,30.7158900017281],[-95.5541478558644,30.7141477966353],[-95.5551943707125,30.7141316925267],[-95.5562273425594,30.7140625889409],[-95.5562067459866,30.7145236567478],[-95.5561456937849,30.7164760168385],[-95.551429999379,30.7165200008628],[-95.5514300011757,30.7177599987334],[-95.5504700003776,30.7177499977556],[-95.5504700021743,30.7184099951958],[-95.5489999999417,30.7183699992707],[-95.5490099999874,30.7177799983691],[-95.5471300021675,30.7177200025386],[-95.5470900001879,30.7177200002218],[-95.5470599982541,30.7177200048555],[-95.5462699982336,30.7177399990935],[-95.5459500003631,30.7177599979611],[-95.5459099974852,30.7177600010502],[-95.5458800018396,30.7177600010502],[-95.5454623957252,30.7177751585148],[-95.5452598004758,30.7177608690887],[-95.5450525573432,30.7177462475816],[-95.544907548595,30.7177360241868],[-95.5446651310291,30.7177189252128],[-95.5445985083744,30.7176885909567],[-95.5444884997864,30.7176368460797],[-95.5444459268284,30.7176063418967],[-95.544336370093,30.7175278468105],[-95.5441543462636,30.7173738474841],[-95.5435493812254,30.7168334056656],[-95.5434399978648,30.7167300006895],[-95.54330619021,30.7166170293038],[-95.5431795313482,30.7165241627128],[-95.5430346663305,30.716441951274],[-95.5428139206208,30.7163518346304],[-95.5439400028469,30.713220000351],[-95.5439100000148,30.7103500023374],[-95.5448400024722,30.7103699988757]]]},"properties":{"OBJECTID":161,"GID":149,"SCHOOL_NM":"Sam Houston State University","GRID_OP":null,"CREATE_DT":null,"CREATE_NM":null,"EDIT_DT":null,"EDIT_NM":null}},{"type":"Feature","id":162,"geometry":{"type":"Polygon","coordinates":[[[-94.6480368452839,31.616093168597],[-94.6503379086303,31.6160841524588],[-94.6513115440577,31.6160784923186],[-94.6524168042338,31.6160206883377],[-94.652645871038,31.6160087078649],[-94.6528501919511,31.6159496913342],[-94.6527338987493,31.6174504966984],[-94.6526202340181,31.6192440978132],[-94.6525800182395,31.620610448443],[-94.6525432861275,31.6211466745192],[-94.652344129629,31.6229789213614],[-94.6517667958707,31.6229729480191],[-94.650605287683,31.6229885579551],[-94.6479612529511,31.623036900779],[-94.6479889004006,31.6245338735852],[-94.6480266017947,31.6251733028082],[-94.648017513539,31.625808233042],[-94.6480441045697,31.6268748663364],[-94.6454799938469,31.6268299981472],[-94.6454100007133,31.6277900024067],[-94.6405197196302,31.6277799731564],[-94.640501811715,31.6270956394796],[-94.6400890744695,31.6233524323413],[-94.6394847714897,31.6181706812619],[-94.639930166089,31.6181742475521],[-94.6403955482034,31.6180799771942],[-94.6411786320945,31.6178329173225],[-94.6445525327234,31.6163256517057],[-94.644765340021,31.6162569751367],[-94.6452514247094,31.6161481428474],[-94.6454478997368,31.6161236342025],[-94.6480368452839,31.616093168597]]]},"properties":{"OBJECTID":162,"GID":150,"SCHOOL_NM":"Stephen F. Austin State University","GRID_OP":null,"CREATE_DT":null,"CREATE_NM":null,"EDIT_DT":null,"EDIT_NM":null}},{"type":"Feature","id":163,"geometry":{"type":"Polygon","coordinates":[[[-98.2159088268183,32.2137792385895],[-98.216010640076,32.2137697776969],[-98.216266209876,32.2137460243765],[-98.2162777783802,32.2137511561218],[-98.2166708371311,32.2139254034797],[-98.2169992225714,32.2139600426864],[-98.217409817335,32.2138162787956],[-98.2187376683604,32.2131448899419],[-98.2175599985825,32.2113400004528],[-98.2183899978876,32.2108900035862],[-98.2211278454813,32.2093965411375],[-98.2216568193347,32.2100988481849],[-98.222188565389,32.2104726962317],[-98.2227103257706,32.2111337414612],[-98.2205029683865,32.2122545515059],[-98.2218606803103,32.2143029485368],[-98.2241400026302,32.2132000018305],[-98.2268599953093,32.2171400056566],[-98.223007036614,32.2190971449603],[-98.2211372768935,32.2199759657604],[-98.2197375624419,32.2179178028676],[-98.2166884728568,32.2194425355909],[-98.2159411976096,32.218331215282],[-98.215224020416,32.2186697377327],[-98.2129460051449,32.2152737364163],[-98.2159088268183,32.2137792385895]]]},"properties":{"OBJECTID":163,"GID":151,"SCHOOL_NM":"Tarleton State University","GRID_OP":null,"CREATE_DT":null,"CREATE_NM":null,"EDIT_DT":null,"EDIT_NM":null}},{"type":"Feature","id":164,"geometry":{"type":"Polygon","coordinates":[[[-99.4336387268925,27.5678942935404],[-99.4344627685706,27.5677786665393],[-99.436208444001,27.5681547299719],[-99.4372113770831,27.5691618879904],[-99.4386123725322,27.5705846237191],[-99.4397425771272,27.5716832164374],[-99.4408695585668,27.5719763874781],[-99.4412868790169,27.5719687319103],[-99.440776711394,27.573552972348],[-99.4403322690089,27.5748642972364],[-99.4393418791031,27.5745882689492],[-99.4383579507791,27.5743935413843],[-99.4373907877133,27.574424863698],[-99.4311363573792,27.576754718395],[-99.429756733749,27.573459511069],[-99.4288009370665,27.5691584295982],[-99.4336387268925,27.5678942935404]]]},"properties":{"OBJECTID":164,"GID":152,"SCHOOL_NM":"Texas A&M International University","GRID_OP":null,"CREATE_DT":null,"CREATE_NM":null,"EDIT_DT":null,"EDIT_NM":null}},{"type":"Feature","id":165,"geometry":{"type":"Polygon","coordinates":[[[-102.333732899974,31.8928262797837],[-102.333731481534,31.8928325110724],[-102.333652622029,31.8931759421436],[-102.333610385041,31.8932513167797],[-102.333508264559,31.893372753055],[-102.333379179348,31.8934673208362],[-102.332945982074,31.8937147261238],[-102.325153600939,31.8950574836137],[-102.324928596316,31.8949673547727],[-102.324061996053,31.8951110218104],[-102.321853407079,31.8951942230517],[-102.3215921204,31.8952040639636],[-102.321403621514,31.895196138914],[-102.321140943346,31.89520631922],[-102.320591075577,31.8952771923621],[-102.318461196089,31.8956665719061],[-102.318236967611,31.8957050819066],[-102.317925268377,31.8956808660563],[-102.317853022269,31.8956627920632],[-102.317759270493,31.8956339085978],[-102.31763301228,31.8955546904744],[-102.317576619639,31.8954914191938],[-102.317426737531,31.895340146514],[-102.317366267437,31.8951553703923],[-102.317347091101,31.8951332144084],[-102.313600001557,31.8834199973693],[-102.328638728271,31.8797344643502],[-102.328638863018,31.8797344666386],[-102.329047119467,31.879732934149],[-102.329211463554,31.8797623695381],[-102.329323251704,31.8798055172184],[-102.329408657233,31.8798592534596],[-102.329480812612,31.8799201143203],[-102.329646923684,31.8801761620085],[-102.333630001552,31.8925300024893],[-102.333639999801,31.8925500059807],[-102.333649996253,31.892559998191],[-102.333679994594,31.8926600048941],[-102.333732899974,31.8928262797837]]]},"properties":{"OBJECTID":165,"GID":118,"SCHOOL_NM":"The University of Texas of the Permain Basin","GRID_OP":null,"CREATE_DT":null,"CREATE_NM":null,"EDIT_DT":null,"EDIT_NM":null}},{"type":"Feature","id":166,"geometry":{"type":"Polygon","coordinates":[[[-97.0994500349721,31.5510394553971],[-97.1027198693686,31.5479028767792],[-97.1051356421869,31.5461364070519],[-97.1040792521588,31.544754830872],[-97.1086867588618,31.5405164499897],[-97.1105659437063,31.5421220071676],[-97.1115776030231,31.541304739968],[-97.1126175260336,31.5422464659415],[-97.1135093177522,31.5429625854794],[-97.1150335917027,31.5415999200767],[-97.1152126582782,31.5417357953731],[-97.1162881276245,31.5407998415052],[-97.1182232478669,31.5423888830481],[-97.1191283265667,31.5432016559554],[-97.1200174673569,31.54238340447],[-97.1209871205526,31.5431667031399],[-97.1219363559403,31.5422760009989],[-97.1222405075292,31.542012909899],[-97.1239708190733,31.5434215663219],[-97.1236218783827,31.5436925144431],[-97.1249000040638,31.5448018408594],[-97.1241550276055,31.5458639165242],[-97.1242923252152,31.5462348949548],[-97.1244774042148,31.5465744679655],[-97.1244779782383,31.5470263328283],[-97.1242716073698,31.5474356538531],[-97.1226109179552,31.5488964963791],[-97.121750098351,31.5497385546948],[-97.1219833773555,31.5502099948684],[-97.1225304136344,31.5502757950454],[-97.122874906766,31.5503619222121],[-97.1230989789372,31.5504740618734],[-97.1224428755048,31.5516224401276],[-97.1215773379488,31.5531796599117],[-97.1220965947258,31.5534690252249],[-97.124143686375,31.5551359124642],[-97.1232858096517,31.5558905309772],[-97.1217239250369,31.5577398722474],[-97.1215028334758,31.5579662731737],[-97.1211871187726,31.5578023258562],[-97.1209145169147,31.5577276002909],[-97.1206334484354,31.5575546100832],[-97.1196384861048,31.5571303378646],[-97.1190090904841,31.5567024958385],[-97.1178120898596,31.5561775370963],[-97.1160875993986,31.5555157237044],[-97.1149155701423,31.5550144800154],[-97.114058291697,31.5545834315905],[-97.1137200274835,31.5544091479923],[-97.1134145966937,31.5542846327161],[-97.1096209268072,31.5528758378831],[-97.1090748732853,31.5527557390682],[-97.108452595915,31.5525064337119],[-97.107363787485,31.5521584218472],[-97.1061481935307,31.5518369735803],[-97.1051922432363,31.5516390242753],[-97.1040483860456,31.5515937707652],[-97.1034080992505,31.5515054568866],[-97.1030412578312,31.551571186488],[-97.1023223486857,31.551486408514],[-97.1005541533895,31.5512603899331],[-97.1001448477084,31.5511629400206],[-97.0994500349721,31.5510394553971]]]},"properties":{"OBJECTID":166,"GID":119,"SCHOOL_NM":"Baylor University","GRID_OP":null,"CREATE_DT":null,"CREATE_NM":null,"EDIT_DT":null,"EDIT_NM":null}},{"type":"Feature","id":167,"geometry":{"type":"Polygon","coordinates":[[[-95.2163099953783,32.4300599963837],[-95.2073899985932,32.4273899979556],[-95.2074099986847,32.427269994628],[-95.2074299996745,32.4271599992095],[-95.2074399997202,32.427049998349],[-95.2074499988676,32.4269399973545],[-95.207460003405,32.4268299969839],[-95.2074700025524,32.426719995721],[-95.2074799963099,32.4266100011482],[-95.2074799972082,32.426490000574],[-95.2074799927167,32.4263799988964],[-95.2074799954116,32.4262700023925],[-95.2074699998574,32.4261600057543],[-95.2074700034507,32.4260500044325],[-95.207460003405,32.4259399931192],[-95.2074500006643,32.4258199969614],[-95.2074399988219,32.4257699998421],[-95.2073799958525,32.4252900004578],[-95.2073899967966,32.4252499976767],[-95.2073899967966,32.4252200008871],[-95.2074000040288,32.4251800003497],[-95.2074100013796,32.4251500035368],[-95.2074200023237,32.4251099953858],[-95.2074299978778,32.4250800038574],[-95.2074399988219,32.4250399979501],[-95.2074500015626,32.4250100003324],[-95.2074700007557,32.4249699997019],[-95.2074800025981,32.4249399982696],[-95.2074899990506,32.4249100013768],[-95.2075099964472,32.4248699946359],[-95.2075199982895,32.4248400037859],[-95.2075399974827,32.4247999977722],[-95.2075600020657,32.4247699962834],[-95.2075700057048,32.4247399985758],[-95.207590002203,32.4246999985838],[-95.2076099960063,32.4246699963034],[-95.2076299951994,32.4246399947713],[-95.2076500006808,32.4246100038449],[-95.2076699989757,32.4245800030511],[-95.2076899990671,32.424550001489],[-95.2114899975848,32.4230099978818],[-95.2202200042806,32.4256199984607],[-95.219779996878,32.4273899987139],[-95.219769995934,32.427449997664],[-95.2197499940459,32.4274999999178],[-95.2197300020392,32.4275600010694],[-95.219720006485,32.4276200006647],[-95.2196999965121,32.4276800009782],[-95.2196800000139,32.4277300023464],[-95.2196499989783,32.4277899980373],[-95.2196299970902,32.4278400001027],[-95.2196100050836,32.4279000010281],[-95.2195800004548,32.4279499969666],[-95.2195599949734,32.4280099970606],[-95.2195299957345,32.428059999004],[-95.219500006377,32.4281199952337],[-95.2194700017482,32.4281700024238],[-95.2194400025093,32.4282200042785],[-95.2194099915923,32.4282700000396],[-95.2193800031332,32.4283300006789],[-95.2193400011536,32.4283799978956],[-95.2193100010163,32.4284300049414],[-95.2192699990367,32.4284800013444],[-95.2192299970571,32.4285299984778],[-95.2191999978182,32.4285800001329],[-95.2191599958386,32.4286300025186],[-95.2191199974523,32.4286699992511],[-95.2190699972236,32.428719995521],[-95.219029995244,32.4287700023784],[-95.2189900013492,32.4288100005654],[-95.2189499984713,32.4288599982741],[-95.2189000027341,32.4289000009705],[-95.2188599998562,32.4289499971129],[-95.2188099969326,32.4289899997694],[-95.2187600038904,32.4290400034441],[-95.2187100000684,32.4290799999949],[-95.2186600043313,32.4291199980443],[-95.2186100005093,32.4291600013837],[-95.2185599993823,32.4291999933318],[-95.2185100009502,32.4292400019432],[-95.2184599980265,32.4292800052292],[-95.2184000022436,32.4293099930863],[-95.2183499975233,32.4293500008907],[-95.2183000071761,32.4293900033697],[-95.2182400033084,32.4294200025636],[-95.2181800030339,32.4294600004622],[-95.218129996517,32.4294899988746],[-95.2180699926493,32.4295200025845],[-95.218009998663,32.4295599951313],[-95.2179500010835,32.4295899988179],[-95.2178899981141,32.429619997187],[-95.2178299942464,32.4296500008537],[-95.2177700065483,32.4296699959631],[-95.2177099945958,32.4296999988549],[-95.2176499970163,32.4297300032532],[-95.2175800065775,32.4297500028942],[-95.2175200027098,32.4297800004519],[-95.2174600006388,32.4297999993236],[-95.2173900030135,32.4298199989491],[-95.2173299991458,32.4298499979999],[-95.2172600015205,32.4298699968561],[-95.2172000003478,32.4298900010154],[-95.2171300018242,32.4299100013791],[-95.2170700042447,32.4299199947353],[-95.2169999994329,32.4299399996418],[-95.2169300009093,32.429959998478],[-95.2168699970416,32.4299699994109],[-95.2167999976197,32.4299900027898],[-95.2167300026894,32.4299999984118],[-95.216659996081,32.4300100031314],[-95.2166000038914,32.4300200025423],[-95.2165300035712,32.4300299974027],[-95.216460000556,32.4300399968114],[-95.2163900002358,32.4300500015266],[-95.2163400027021,32.4300499969772],[-95.2163099953783,32.4300599963837]]]},"properties":{"OBJECTID":167,"GID":120,"SCHOOL_NM":"The University of Texas Health Science Center at Tyler","GRID_OP":null,"CREATE_DT":null,"CREATE_NM":null,"EDIT_DT":null,"EDIT_NM":null}},{"type":"Feature","id":168,"geometry":{"type":"Polygon","coordinates":[[[-100.468419994568,31.4393499993708],[-100.468400002561,31.4435399988788],[-100.46323000676,31.4431999963475],[-100.463230002268,31.4419100035655],[-100.455359998608,31.4419100012663],[-100.455350000359,31.4407200069307],[-100.453690003545,31.4406899990916],[-100.453690001749,31.4392700048672],[-100.449270002191,31.4392399988631],[-100.449209999222,31.4358600012966],[-100.45220999947,31.43358999678],[-100.458420006317,31.4336000016848],[-100.45845999572,31.4336000001518],[-100.458499998598,31.4336000055172],[-100.45853000143,31.4335899990794],[-100.45856999802,31.4335900044448],[-100.458600000852,31.43358999678],[-100.458639996543,31.4335900013789],[-100.458670001172,31.433589998313],[-100.458709996864,31.4335899990794],[-100.458749999742,31.4335900029119],[-100.458780002574,31.4335900006124],[-100.458819998265,31.433589995247],[-100.458850001097,31.4336000032178],[-100.458890003077,31.4336000016848],[-100.458919999621,31.4336000001518],[-100.458959995312,31.4336099973907],[-100.458990005331,31.4336100019896],[-100.459029994734,31.4336100004567],[-100.459059997566,31.4336199976945],[-100.459100000444,31.4336300010631],[-100.459130003276,31.4336300033626],[-100.459149999775,31.4336400005983],[-100.459709999641,31.4336999962538],[-100.45996000348,31.4337299978996],[-100.459929999749,31.4343600041825],[-100.463079999785,31.4343500001253],[-100.463080005175,31.4369700003242],[-100.459920003297,31.4369900071118],[-100.459899998714,31.4393299984519],[-100.463249998766,31.4393299992184],[-100.464569998516,31.4393300015177],[-100.464579998562,31.4393300022841],[-100.464589998608,31.4393300022841],[-100.464599998653,31.4393299976856],[-100.464600004043,31.4393199987574],[-100.464610004089,31.4393200002903],[-100.464620004135,31.4393200002903],[-100.464630003282,31.4393199956917],[-100.46464000243,31.4393199956917],[-100.464650002475,31.4393199972245],[-100.464660001623,31.439319997991],[-100.464670007957,31.439319997991],[-100.464670001668,31.4393099936967],[-100.464680000816,31.4393099944631],[-100.464690000862,31.439309995996],[-100.464700000907,31.439309995996],[-100.464709993767,31.4393000031972],[-100.464719993812,31.4393000039637],[-100.46472999835,31.4393000047301],[-100.464739999294,31.4392900012001],[-100.464749999339,31.4392900019666],[-100.464759998487,31.4392799976691],[-100.464770003923,31.439279999202],[-100.46478000307,31.4392799999684],[-100.46478000307,31.439270001035],[-100.464790003116,31.4392700018014],[-100.464800002263,31.4392700018014],[-100.464800003161,31.4392600028669],[-100.464809996021,31.4392599990347],[-100.464809996021,31.4392500000991],[-100.464820002355,31.4392500000991],[-100.464830000604,31.4392400019288],[-100.464840000649,31.4392400026952],[-100.464849999797,31.4392299983924],[-100.464860000741,31.4392199963879],[-100.46486999899,31.4392099982145],[-100.465349997592,31.4387299980272],[-100.46535999674,31.4387299980272],[-100.465370003074,31.4387199952029],[-100.465380001323,31.4387100015747],[-100.465390002267,31.4387100015747],[-100.465390002267,31.4387000025805],[-100.465400006804,31.4387000033469],[-100.465410000562,31.4386900005193],[-100.465420000608,31.4386800022894],[-100.465429999755,31.4386800030558],[-100.465430000653,31.4386699986932],[-100.465439998902,31.4386699986932],[-100.46544999805,31.4386600004611],[-100.465459998096,31.4386599966289],[-100.465459998096,31.4386500029943],[-100.465469997243,31.4386500029943],[-100.465479997289,31.4386500037608],[-100.465490001826,31.4386400001615],[-100.465500001872,31.4386299965611],[-100.465510001019,31.4386299973275],[-100.465520001065,31.438629998094],[-100.465529993924,31.4386199998576],[-100.465539994868,31.4386199998576],[-100.465549998507,31.4386099977879],[-100.465559998553,31.438609996255],[-100.4655699977,31.4386099977879],[-100.465579998645,31.4386099985544],[-100.465579997746,31.4385999949507],[-100.465590003182,31.4385999949507],[-100.465600002329,31.4385999957172],[-100.465610003273,31.4385999957172],[-100.465620002421,31.4385999972501],[-100.465630001568,31.4385899990105],[-100.465640007004,31.4385899990105],[-100.465650000761,31.4385899997769],[-100.465659999909,31.4385899997769],[-100.465669999955,31.4385900013098],[-100.465679999102,31.4385900020763],[-100.465689999148,31.4385800030692],[-100.465699998295,31.4385800038356],[-100.465710003731,31.4385800038356],[-100.465720003777,31.4385800053685],[-100.465730002924,31.438580006135],[-100.46574000297,31.4385800007698],[-100.465750002117,31.4385800015363],[-100.465760001265,31.4385800015363],[-100.465769995022,31.4385800023027],[-100.465780001356,31.4385800030692],[-100.465789999605,31.4385800038356],[-100.465799999651,31.438580004602],[-100.465810000595,31.4385899990105],[-100.465819998844,31.4385899936454],[-100.46582999889,31.4385899944118],[-100.465839998936,31.4385899951783],[-100.465850003473,31.4385899959448],[-100.465860004417,31.4385899959448],[-100.465870002666,31.4386000010823],[-100.465880002712,31.4386000018487],[-100.465889996469,31.4386000026152],[-100.465899995617,31.4385999926514],[-100.465909996561,31.4386099970215],[-100.46591999481,31.4386099977879],[-100.465929994856,31.4386099977879],[-100.46616999775,31.4386900028187],[-100.466179997796,31.4386900043516],[-100.466199996989,31.4387000041133],[-100.466209997035,31.4387099977425],[-100.466229996228,31.4387099946768],[-100.466240007952,31.4387199982686],[-100.466260000857,31.4387199990351],[-100.466270000902,31.4387299987937],[-100.466280000948,31.4387399977848],[-100.466300000141,31.4387399985512],[-100.466310000187,31.4387500044391],[-100.46632999938,31.4387599988295],[-100.466339999426,31.4387599988295],[-100.466349998573,31.4387700039489],[-100.466369991478,31.4387799983371],[-100.466379992422,31.4387900034543],[-100.46638999157,31.4388000032055],[-100.46641000334,31.4388100029555],[-100.466420003385,31.4388100029555],[-100.466430002533,31.4388200027045],[-100.466440003477,31.4388299970874],[-100.466460001772,31.4388399976006],[-100.466470001817,31.43884999658],[-100.466480001863,31.4388600009234],[-100.466489995621,31.4388699999006],[-100.466499996565,31.4388799996432],[-100.466509995712,31.4388899986183],[-100.466529994905,31.4388999983587],[-100.466540001239,31.4389099988645],[-100.466540000341,31.4389200032015],[-100.466749998607,31.439130001292],[-100.466760004941,31.439130001292],[-100.466770005885,31.4391399956417],[-100.466769998698,31.4391499999541],[-100.466780005032,31.4391499999541],[-100.466790004179,31.4391600042655],[-100.466800005123,31.4391699993785],[-100.466810004271,31.439170000145],[-100.466810005169,31.4391800044542],[-100.466820005215,31.4391899980322],[-100.466830004362,31.4391899980322],[-100.46684000351,31.4391999977406],[-100.466849998166,31.4391999977406],[-100.466859998211,31.439209997448],[-100.466869998257,31.4392199963879],[-100.466879998303,31.4392300022246],[-100.466889996552,31.4392300022246],[-100.466899997496,31.4392400019288],[-100.466909997542,31.4392399973302],[-100.466920002977,31.4392500008655],[-100.466930002125,31.4392500016319],[-100.466940001272,31.4392600005675],[-100.466950007606,31.439260001334],[-100.466960007652,31.4392600021004],[-100.466970002308,31.4392700025678],[-100.466980000557,31.4392700025678],[-100.466990001501,31.4392800022677],[-100.467000001547,31.4392800022677],[-100.467009999796,31.4392800030342],[-100.467019999842,31.4392900019666],[-100.467029999887,31.4392900019666],[-100.467040000831,31.439290002733],[-100.46705000447,31.439290002733],[-100.467060005414,31.4393000024308],[-100.467080004608,31.4393000047301],[-100.467089997467,31.4392999985986],[-100.467099998411,31.4392999985986],[-100.467109997558,31.4393099990618],[-100.467119996706,31.4393099990618],[-100.467129996752,31.4393099998282],[-100.467139996797,31.4393100005946],[-100.467150001335,31.439310001361],[-100.46716000138,31.439310001361],[-100.467170001426,31.4393100021275],[-100.46718000237,31.4393199956917],[-100.467200000665,31.4393199972245],[-100.467209994423,31.4393199972245],[-100.467219994468,31.439319997991],[-100.467229999904,31.439319997991],[-100.468419994568,31.4393499993708]]]},"properties":{"OBJECTID":168,"GID":121,"SCHOOL_NM":"Angelo State University","GRID_OP":null,"CREATE_DT":null,"CREATE_NM":null,"EDIT_DT":null,"EDIT_NM":null}},{"type":"Feature","id":169,"geometry":{"type":"Polygon","coordinates":[[[-97.7080099952921,30.2291700025209],[-97.710419994638,30.2302900043865],[-97.7100699984269,30.2309299996138],[-97.7100499992337,30.2309499954925],[-97.7100400054762,30.2309799974525],[-97.7099699988678,30.2311199979407],[-97.7099100039832,30.2312899985426],[-97.709870000207,30.2314699986769],[-97.7098500010138,30.2316499969294],[-97.7098499947256,30.2317500011629],[-97.7098499974205,30.2317800013266],[-97.7098599974663,30.2318100007049],[-97.7100400018829,30.2352399988855],[-97.710039999188,30.2352499998796],[-97.7100399982897,30.2352699979842],[-97.7100300081254,30.2352899999653],[-97.7100300063288,30.2353600045386],[-97.7100300000406,30.2354200026535],[-97.7100199999948,30.2354699982089],[-97.7100199999948,30.2355099951006],[-97.7102399983062,30.2379300030019],[-97.7102499992503,30.2380199970316],[-97.7102500055385,30.2380599983183],[-97.7102499965553,30.2381099995158],[-97.7102500028435,30.2381699990567],[-97.7102499992503,30.2382400039073],[-97.7102399983062,30.2383799979371],[-97.7102400010012,30.2384100015102],[-97.7102299973622,30.2384700055244],[-97.7102000026148,30.2386000040071],[-97.7101600024318,30.2387399990763],[-97.7101400023404,30.2388200025997],[-97.7095900016212,30.2402600005597],[-97.7095899935363,30.2402700018191],[-97.7094100025944,30.24041999653],[-97.7088500018294,30.2410700007148],[-97.7083000029069,30.2417399973889],[-97.7062000004874,30.2442900019478],[-97.7027800001147,30.2431700051512],[-97.7052700007249,30.2390299969872],[-97.7032199985341,30.2388700010824],[-97.703260004107,30.2367000005398],[-97.7034100003015,30.2365300007556],[-97.7034699987794,30.2364400053619],[-97.7035599964961,30.2362800044651],[-97.7039299999852,30.2357299944002],[-97.7039399982343,30.2357099987176],[-97.7039700019648,30.2356599970753],[-97.7041999958304,30.2352899968608],[-97.7045299964416,30.2347600035247],[-97.704589996716,30.2346800021297],[-97.704679998026,30.2345299971074],[-97.704759998392,30.234390001475],[-97.7049300009662,30.2341000007409],[-97.7051499965827,30.2337299977595],[-97.7055900012903,30.2330600008152],[-97.7056800034986,30.2329200007611],[-97.7058199987491,30.2327299989275],[-97.7059399975014,30.2325500042045],[-97.7059800003793,30.2324899965767],[-97.7060600061352,30.2323599985513],[-97.7060999937417,30.2322699962355],[-97.7061500020553,30.2321799969418],[-97.7061700003502,30.2321299989371],[-97.7061800039891,30.2320899998942],[-97.7062100023297,30.2320299958663],[-97.7062399988737,30.2319399979052],[-97.7062699999093,30.2318899966739],[-97.7080099952921,30.2291700025209]]]},"properties":{"OBJECTID":169,"GID":122,"SCHOOL_NM":"Austin Community College","GRID_OP":null,"CREATE_DT":null,"CREATE_NM":null,"EDIT_DT":null,"EDIT_NM":null}},{"type":"Feature","id":170,"geometry":{"type":"Polygon","coordinates":[[[-99.5189400037159,27.5078399979836],[-99.5186400023437,27.5078399963901],[-99.5174099985139,27.5041399998713],[-99.5224400017596,27.5024400020318],[-99.5259899955404,27.5030599989523],[-99.5269900028097,27.5032299986416],[-99.5269799991706,27.5032699983897],[-99.526980000069,27.5033200050262],[-99.5269400025809,27.5035099989633],[-99.5269299980436,27.5035599983198],[-99.5268499994743,27.5038799989219],[-99.5267599999609,27.5041999993902],[-99.5266999996865,27.5044699968207],[-99.526629998468,27.5047399975726],[-99.5265799973409,27.5049199950499],[-99.5265199988631,27.5051000009973],[-99.5264700013293,27.5052799978857],[-99.5264299921632,27.5054699964066],[-99.5264000055007,27.5055599953817],[-99.5263600017245,27.5056399955599],[-99.5262900014043,27.5058200003295],[-99.5262499958314,27.5059199969205],[-99.523490004766,27.5057200028508],[-99.5234499947015,27.505519996466],[-99.5231300040175,27.505030003987],[-99.5228399990977,27.5047500019552],[-99.5219799924689,27.5053900000887],[-99.5222099998092,27.5056100017745],[-99.5189400037159,27.5078399979836]]]},"properties":{"OBJECTID":170,"GID":123,"SCHOOL_NM":"Laredo Community College","GRID_OP":null,"CREATE_DT":null,"CREATE_NM":null,"EDIT_DT":null,"EDIT_NM":null}},{"type":"Feature","id":171,"geometry":{"type":"Polygon","coordinates":[[[-100.48413525959,28.7187032631094],[-100.484091531399,28.7199121330233],[-100.483956100488,28.7199113412805],[-100.483148340775,28.7199047891157],[-100.483268451816,28.7189759271768],[-100.483289683498,28.7188766440503],[-100.483328533837,28.7186949745292],[-100.48413525959,28.7187032631094]]]},"properties":{"OBJECTID":171,"GID":124,"SCHOOL_NM":"Texas A&M International University","GRID_OP":null,"CREATE_DT":null,"CREATE_NM":null,"EDIT_DT":null,"EDIT_NM":null}}]}